"timestamp;lat [deg];lon [deg];sog [kn];draught [m];heading [deg];cog [deg];rot [deg/min];zone  [UTM];band  [UTM];easting [UTM];northing [UTM]";STATE
2023-09-02T13:32:14;-6.93818;112.717405;8.3;-1;511;199.5;-128;49;M;689741;9232741;['P1']
2023-09-02T13:35:04;-6.944555;112.7154617;8.4;-1;511;193.5;-128;49;M;689524;9232037;['P1']
2023-09-02T13:37:04;-6.949048333;112.714195;8.4;-1;511;196.5;-128;49;M;689382;9231540;['P1']
2023-09-02T13:42:25;-6.961135;112.7096517;8.7;-1;511;201.4;-128;49;M;688875;9230205;['P1']
2023-09-02T13:42:45;-6.9619;112.7093567;8.8;-1;511;200.7;-128;49;M;688842;9230121;['P1']
2023-09-02T13:44:24;-6.96571;112.707995;8.8;-1;511;198.8;-128;49;M;688690;9229700;['P1']
2023-09-02T13:52:14;-6.981028333;112.6984783;8.1;-1;511;218.1;-128;49;M;687633;9228010;['P1']
2023-09-02T13:54:55;-6.985703333;112.6945317;8.2;-1;511;219.6;-128;49;M;687195;9227494;['P1']
2023-09-02T14:03:25;-7.002635;112.6853217;8.1;-1;511;211.1;-128;49;M;686170;9225625;['P1']
2023-09-02T14:05:25;-7.006436667;112.6829467;7.9;-1;511;212.7;-128;49;M;685906;9225206;['P1']
2023-09-02T14:05:44;-7.00703;112.6825733;7.9;-1;511;212.1;-128;49;M;685865;9225140;['P1']
2023-09-02T14:06:05;-7.007713333;112.6821683;7.9;-1;511;211.5;-128;49;M;685820;9225065;['P1']
2023-09-02T14:06:25;-7.00832;112.6817683;7.8;-1;511;213.7;-128;49;M;685775;9224998;['P1']
2023-09-02T14:06:56;-7.009253333;112.6811383;7.9;-1;511;214.5;-128;49;M;685705;9224895;['P1']
2023-09-02T14:07:14;-7.009801667;112.680755;7.9;-1;511;215.3;-128;49;M;685663;9224835;['P1']
2023-09-02T14:07:25;-7.01014;112.6805383;7.9;-1;511;212.6;-128;49;M;685639;9224797;['P1']
2023-09-02T14:08:05;-7.011416667;112.6798117;7.8;-1;511;208.5;-128;49;M;685558;9224656;['P1']
2023-09-02T14:08:25;-7.012065;112.679465;7.8;-1;511;208.3;-128;49;M;685519;9224585;['P1']
2023-09-02T14:11:56;-7.018901667;112.676205;7.7;-1;511;204.2;-128;49;M;685156;9223830;['P1']
2023-09-02T14:14:14;-7.023288333;112.6739533;7.7;-1;511;206.5;-128;49;M;684906;9223346;['P1']
2023-09-02T14:14:25;-7.023605;112.6737833;7.7;-1;511;207.1;-128;49;M;684887;9223311;['P1']
2023-09-02T14:14:45;-7.024265;112.67345;7.8;-1;511;207;-128;49;M;684850;9223238;['P1']
2023-09-02T14:15:15;-7.025221667;112.6729567;7.7;-1;511;208.3;-128;49;M;684795;9223132;['P1']
2023-09-02T14:16:06;-7.026836667;112.6720633;7.8;-1;511;208.6;-128;49;M;684696;9222954;['P1']
2023-09-02T14:16:34;-7.027725;112.6715867;7.8;-1;511;208.6;-128;49;M;684643;9222856;['P1']
2023-09-02T14:16:45;-7.028063333;112.6713883;7.8;-1;511;209;-128;49;M;684621;9222819;['P1']
2023-09-02T14:17:45;-7.029976667;112.6703833;7.7;-1;511;207.9;-128;49;M;684509;9222608;['P1']
2023-09-02T14:17:56;-7.030311667;112.67021;7.6;-1;511;207.6;-128;49;M;684489;9222571;['P1']
2023-09-02T14:19:05;-7.032545;112.6691683;7.5;-1;511;203.1;-128;49;M;684374;9222324;['P1']
2023-09-02T14:19:55;-7.034108333;112.6685;7.4;-1;511;202.9;-128;49;M;684299;9222151;['P1']
2023-09-02T14:31:24;-7.057703333;112.6639083;7.7;-1;511;187.6;-128;49;M;683782;9219544;['P1']
2023-09-02T14:34:54;-7.065048333;112.66258;7.1;-1;511;200.4;-128;49;M;683633;9218732;['P1']
2023-09-02T14:36:45;-7.068443333;112.6610617;7.6;-1;511;207.3;-128;49;M;683464;9218357;['P1']
2023-09-02T14:36:54;-7.06872;112.6609167;7.7;-1;511;206.8;-128;49;M;683448;9218327;['P1']
2023-09-02T14:37:16;-7.069433333;112.6605833;7.7;-1;511;203.5;-128;49;M;683410;9218248;['P1']
2023-09-02T14:37:25;-7.069765;112.6604533;7.7;-1;511;200.9;-128;49;M;683396;9218211;['P1']
2023-09-02T14:37:45;-7.070416667;112.6602367;7.6;-1;511;197.4;-128;49;M;683372;9218139;['P1']
2023-09-02T14:37:54;-7.070721667;112.66015;7.6;-1;511;195.9;-128;49;M;683362;9218106;['P1']
2023-09-02T14:38:16;-7.071475;112.6599733;7.5;-1;511;191.2;-128;49;M;683342;9218022;['P1']
2023-09-02T14:38:25;-7.071826667;112.6599167;7.5;-1;511;190.4;-128;49;M;683336;9217983;['P1']
2023-09-02T14:38:35;-7.072126667;112.65985;7.6;-1;511;189.8;-128;49;M;683328;9217950;['P1']
2023-09-02T14:38:45;-7.072478333;112.6597983;7.6;-1;511;189;-128;49;M;683323;9217911;['P1']
2023-09-02T14:38:54;-7.072798333;112.6597533;7.6;-1;511;189.7;-128;49;M;683317;9217876;['P1']
2023-09-02T14:39:05;-7.073183333;112.6596933;7.6;-1;511;190.1;-128;49;M;683311;9217833;['P1']
2023-09-02T14:39:35;-7.074225;112.6594867;7.7;-1;511;190.4;-128;49;M;683287;9217718;['P1']
2023-09-02T14:39:45;-7.074583333;112.6594217;7.8;-1;511;189.7;-128;49;M;683280;9217679;['P1']
2023-09-02T14:40:16;-7.075691667;112.65922;7.8;-1;511;189.2;-128;49;M;683257;9217556;['P1']
2023-09-02T14:40:25;-7.076051667;112.6591717;7.8;-1;511;188.6;-128;49;M;683252;9217516;['P1']
2023-09-02T14:40:35;-7.076378333;112.6591217;7.8;-1;511;188.8;-128;49;M;683246;9217480;['P1']
2023-09-02T14:40:46;-7.076768333;112.659065;7.8;-1;511;189.4;-128;49;M;683240;9217437;['P1']
2023-09-02T14:40:54;-7.07706;112.6590283;7.8;-1;511;188.8;-128;49;M;683236;9217405;['P1']
2023-09-02T14:41:16;-7.07784;112.6589067;7.8;-1;511;189.6;-128;49;M;683222;9217319;['P1']
2023-09-02T14:41:25;-7.07819;112.658845;7.8;-1;511;189.6;-128;49;M;683215;9217280;['P1']
2023-09-02T14:41:54;-7.0792;112.6586817;7.8;-1;511;189.2;-128;49;M;683197;9217168;['P1']
2023-09-02T14:42:05;-7.079598333;112.6586217;7.9;-1;511;189.3;-128;49;M;683190;9217124;['P1']
2023-09-02T14:42:16;-7.079996667;112.6585667;7.9;-1;511;188.4;-128;49;M;683183;9217080;['P1']
2023-09-02T14:42:35;-7.080683333;112.6584567;7.9;-1;511;188.3;-128;49;M;683171;9217005;['P1']
2023-09-02T14:42:46;-7.081088333;112.6584017;7.9;-1;511;187.4;-128;49;M;683165;9216960;['P1']
2023-09-02T14:43:14;-7.082091667;112.65828;7.7;-1;511;186.3;-128;49;M;683151;9216849;['P1']
2023-09-02T14:45:06;-7.085723333;112.6579017;6.2;-1;511;185.1;-128;49;M;683108;9216447;['P1']
2023-09-02T14:45:25;-7.08626;112.657845;5.9;-1;511;185.7;-128;49;M;683101;9216388;['P1']
2023-09-02T14:46:14;-7.08758;112.6577433;5.6;-1;511;185;-128;49;M;683090;9216242;['P1']
2023-09-02T14:46:55;-7.0886;112.6576733;5.4;-1;511;183.5;-128;49;M;683081;9216129;['P1']
2023-09-02T14:47:14;-7.089093333;112.6576483;5.4;-1;511;184.2;-128;49;M;683078;9216075;['P1']
2023-09-02T14:47:55;-7.090126667;112.6575767;5.4;-1;511;183.8;-128;49;M;683070;9215960;['P1']
2023-09-02T14:48:04;-7.090353333;112.6575567;5.4;-1;511;183.6;-128;49;M;683068;9215935;['P1']
2023-09-02T14:48:14;-7.090601667;112.657545;5.4;-1;511;184.3;-128;49;M;683066;9215908;['P1']
2023-09-02T14:49:15;-7.092166667;112.6574283;5.5;-1;511;184.8;-128;49;M;683053;9215735;['P1']
2023-09-02T14:50:35;-7.094238333;112.6572817;5.6;-1;511;185.4;-128;49;M;683036;9215506;['P1']
2023-09-02T14:50:46;-7.094513333;112.65725;5.6;-1;511;185.2;-128;49;M;683032;9215475;['P1']
2023-09-02T14:50:55;-7.09476;112.6572333;5.7;-1;511;185.2;-128;49;M;683030;9215448;['P1']
2023-09-02T14:51:04;-7.095005;112.657205;5.8;-1;511;185;-128;49;M;683027;9215421;['P1']
2023-09-02T14:51:15;-7.095281667;112.6571817;5.9;-1;511;185.4;-128;49;M;683024;9215391;['P1']
2023-09-02T14:51:24;-7.095526667;112.6571583;6;-1;511;185.2;-128;49;M;683022;9215363;['P1']
2023-09-02T14:51:35;-7.095866667;112.6571217;6.1;-1;511;185;-128;49;M;683018;9215326;['P1']
2023-09-02T14:51:46;-7.096151667;112.6571017;6.2;-1;511;185;-128;49;M;683015;9215294;['P1']
2023-09-02T14:52:06;-7.09673;112.6570567;6.3;-1;511;184.9;-128;49;M;683010;9215230;['P1']
2023-09-02T14:52:15;-7.097;112.6570367;6.3;-1;511;184.3;-128;49;M;683008;9215201;['P1']
2023-09-02T14:52:36;-7.09764;112.6570167;6.4;-1;511;181.7;-128;49;M;683005;9215130;['P1']
2023-09-02T14:52:54;-7.09817;112.6570033;6.4;-1;511;180.9;-128;49;M;683004;9215071;['P1']
2023-09-02T14:53:45;-7.099713333;112.657025;6.5;-1;511;176.7;-128;49;M;683005;9214901;['P1']
2023-09-02T14:54:06;-7.10035;112.657055;6.5;-1;511;176.9;-128;49;M;683008;9214830;['P1']
2023-09-02T14:54:36;-7.10127;112.6571067;6.5;-1;511;177;-128;49;M;683014;9214728;['P1']
2023-09-02T14:55:24;-7.102726667;112.6571883;6.5;-1;511;177.5;-128;49;M;683022;9214567;['P1']
2023-09-02T14:56:06;-7.103996667;112.657215;6.6;-1;511;179.6;-128;49;M;683025;9214427;['P1']
2023-09-02T14:56:24;-7.104555;112.6572217;6.6;-1;511;179.5;-128;49;M;683025;9214365;['P1']
2023-09-02T14:56:45;-7.105186667;112.6572033;6.5;-1;511;182.4;-128;49;M;683023;9214295;['P1']
2023-09-02T14:56:54;-7.105488333;112.6571917;6.6;-1;511;184.2;-128;49;M;683022;9214262;['P1']
2023-09-02T14:57:06;-7.105818333;112.6571717;6.5;-1;511;185.3;-128;49;M;683019;9214225;['P1']
2023-09-02T14:57:15;-7.106093333;112.6571467;6.5;-1;511;185.5;-128;49;M;683016;9214195;['P1']
2023-09-02T14:57:24;-7.106363333;112.6571117;6.5;-1;511;186.4;-128;49;M;683012;9214165;['P1']
2023-09-02T14:57:34;-7.10669;112.65708;6.4;-1;511;188;-128;49;M;683009;9214129;['P1']
2023-09-02T14:57:54;-7.107283333;112.6569833;6.3;-1;511;187.4;-128;49;M;682998;9214063;['P1']
2023-09-02T14:58:06;-7.107603333;112.65694;6.3;-1;511;188.8;-128;49;M;682993;9214028;['P1']
2023-09-02T14:58:24;-7.10813;112.6568617;6.3;-1;511;187;-128;49;M;682984;9213970;['P1']
2023-09-02T14:58:34;-7.108441667;112.6568217;6.2;-1;511;187.4;-128;49;M;682979;9213935;['P1']
2023-09-02T14:58:46;-7.10876;112.6567733;6.2;-1;511;187.5;-128;49;M;682974;9213900;['P1']
2023-09-02T14:58:54;-7.10902;112.656745;6.3;-1;511;186.7;-128;49;M;682971;9213871;['P1']
2023-09-02T14:59:06;-7.109336667;112.6567133;6.4;-1;511;185.3;-128;49;M;682967;9213836;['P1']
2023-09-02T14:59:15;-7.109603333;112.6566933;6.4;-1;511;183.1;-128;49;M;682965;9213807;['P1']
2023-09-02T14:59:25;-7.109903333;112.65668;6.4;-1;511;182.8;-128;49;M;682963;9213774;['P1']
2023-09-02T15:00:15;-7.111385;112.656615;6.4;-1;511;181.2;-128;49;M;682955;9213610;['P1']
2023-09-02T15:00:54;-7.11261;112.656655;6.6;-1;511;176.3;-128;49;M;682959;9213474;['P1']
2023-09-02T15:01:15;-7.113226667;112.6566967;6.8;-1;511;174.5;-128;49;M;682964;9213406;['P1']
2023-09-02T15:01:25;-7.113543333;112.65673;6.9;-1;511;173.4;-128;49;M;682967;9213371;['P1']
2023-09-02T15:01:35;-7.113863333;112.656775;7;-1;511;172.7;-128;49;M;682972;9213336;['P1']
2023-09-02T15:02:15;-7.115181667;112.6569217;7.3;-1;511;172.8;-128;49;M;682988;9213190;['P1']
2023-09-02T15:02:25;-7.115528333;112.6569733;7.3;-1;511;172.1;-128;49;M;682993;9213152;['P1']
2023-09-02T15:02:35;-7.115858333;112.6570283;7.3;-1;511;171.9;-128;49;M;682999;9213115;['P1']
2023-09-02T15:02:45;-7.116193333;112.65707;7.3;-1;511;172.7;-128;49;M;683004;9213078;['P1']
2023-09-02T15:02:55;-7.116535;112.6571167;7.3;-1;511;172.8;-128;49;M;683009;9213040;['P1']
2023-09-02T15:03:05;-7.116875;112.6571567;7.4;-1;511;173.1;-128;49;M;683013;9213003;['P1']
2023-09-02T15:03:15;-7.117208333;112.6572017;7.4;-1;511;173.1;-128;49;M;683018;9212966;['P1']
2023-09-02T15:03:35;-7.117896667;112.65728;7.3;-1;511;173;-128;49;M;683026;9212889;['P1']
2023-09-02T15:03:55;-7.11855;112.6573717;7.2;-1;511;172.8;-128;49;M;683036;9212817;['P1']
2023-09-02T15:04:05;-7.118878333;112.6574133;7.3;-1;511;172.8;-128;49;M;683041;9212781;['P1']
2023-09-02T15:04:15;-7.119213333;112.6574583;7.2;-1;511;173.5;-128;49;M;683046;9212744;['P1']
2023-09-02T15:04:24;-7.119518333;112.6574867;7.2;-1;511;173.4;-128;49;M;683049;9212710;['P1']
2023-09-02T15:04:35;-7.119931667;112.6575233;7.2;-1;511;173.2;-128;49;M;683052;9212664;['P1']
2023-09-02T15:04:45;-7.120231667;112.65757;7.2;-1;511;173.4;-128;49;M;683057;9212631;['P1']
2023-09-02T15:04:55;-7.120568333;112.6576;7.2;-1;511;173.1;-128;49;M;683061;9212594;['P1']
2023-09-02T15:05:14;-7.121211667;112.6576617;7.3;-1;511;173.5;-128;49;M;683067;9212523;['P1']
2023-09-02T15:05:24;-7.121538333;112.65771;7.3;-1;511;170.9;-128;49;M;683072;9212487;['P1']
2023-09-02T15:05:35;-7.121918333;112.657765;7.2;-1;511;170.3;-128;49;M;683078;9212445;['P1']
2023-09-02T15:05:45;-7.122213333;112.657825;7.2;-1;511;169.7;-128;49;M;683085;9212412;['P1']
2023-09-02T15:05:56;-7.122578333;112.6578967;7.2;-1;511;169.8;-128;49;M;683093;9212371;['P1']
2023-09-02T15:06:14;-7.123175;112.6580083;7.2;-1;511;168;-128;49;M;683105;9212305;['P1']
2023-09-02T15:06:24;-7.12351;112.6580683;7.2;-1;511;167.9;-128;49;M;683111;9212268;['P1']
2023-09-02T15:06:35;-7.123893333;112.6581583;7.2;-1;511;167.4;-128;49;M;683121;9212226;['P1']
2023-09-02T15:06:45;-7.124178333;112.6582283;7.3;-1;511;168.3;-128;49;M;683129;9212194;['P1']
2023-09-02T15:06:56;-7.124553333;112.6583067;7.3;-1;511;167.8;-128;49;M;683137;9212153;['P1']
2023-09-02T15:07:14;-7.125165;112.6584433;7.4;-1;511;166;-128;49;M;683152;9212085;['P1']
2023-09-02T15:07:35;-7.125886667;112.65863;7.4;-1;511;164.3;-128;49;M;683172;9212005;['P1']
2023-09-02T15:07:56;-7.126558333;112.658825;7.4;-1;511;162.1;-128;49;M;683194;9211931;['P1']
2023-09-02T15:08:24;-7.12747;112.65913;7.4;-1;511;159.6;-128;49;M;683227;9211830;['P1']
2023-09-02T15:08:36;-7.127855;112.65928;7.4;-1;511;159.4;-128;49;M;683243;9211787;['P1']
2023-09-02T15:08:45;-7.128131667;112.6593867;7.5;-1;511;157.9;-128;49;M;683255;9211757;['P1']
2023-09-02T15:08:56;-7.128485;112.65953;7.5;-1;511;157.9;-128;49;M;683271;9211718;['P1']
2023-09-02T15:09:14;-7.129076667;112.6597617;7.5;-1;511;157.2;-128;49;M;683296;9211652;['P1']
2023-09-02T15:09:35;-7.12978;112.6600783;7.6;-1;511;156.1;-128;49;M;683331;9211574;['P1']
2023-09-02T15:09:45;-7.130073333;112.6602083;7.6;-1;511;156.8;-128;49;M;683345;9211542;['P1']
2023-09-02T15:09:54;-7.13037;112.6603367;7.6;-1;511;156;-128;49;M;683359;9211509;['P1']
2023-09-02T15:10:14;-7.131;112.6606317;7.6;-1;511;155.6;-128;49;M;683391;9211439;['P1']
2023-09-02T15:10:25;-7.13136;112.66079;7.6;-1;511;156.1;-128;49;M;683409;9211399;['P1']
2023-09-02T15:10:45;-7.132026667;112.6610817;7.6;-1;511;155.8;-128;49;M;683441;9211325;['P1']
2023-09-02T15:11:04;-7.132668333;112.66137;7.6;-1;511;155.5;-128;49;M;683472;9211254;['P1']
2023-09-02T15:11:14;-7.132963333;112.6615;7.5;-1;511;156.3;-128;49;M;683487;9211222;['P1']
2023-09-02T15:11:25;-7.133303333;112.66165;7.5;-1;511;156.5;-128;49;M;683503;9211184;['P1']
2023-09-02T15:11:35;-7.133623333;112.661785;7.5;-1;511;156;-128;49;M;683518;9211148;['P1']
2023-09-02T15:11:45;-7.13394;112.6619217;7.4;-1;511;156.1;-128;49;M;683533;9211113;['P1']
2023-09-02T15:11:54;-7.134225;112.6620467;7.4;-1;511;155.6;-128;49;M;683546;9211082;['P1']
2023-09-02T15:12:05;-7.134573333;112.6622017;7.3;-1;511;155.9;-128;49;M;683563;9211043;['P1']
2023-09-02T15:12:16;-7.134908333;112.6623467;7.2;-1;511;157.8;-128;49;M;683579;9211006;['P1']
2023-09-02T15:12:25;-7.135198333;112.6624533;7.2;-1;511;159;-128;49;M;683591;9210974;['P1']
2023-09-02T15:12:35;-7.135513333;112.6625733;7.2;-1;511;159.8;-128;49;M;683604;9210939;['P1']
2023-09-02T15:12:45;-7.135841667;112.6626883;7.3;-1;511;160.1;-128;49;M;683617;9210903;['P1']
2023-09-02T15:12:54;-7.136121667;112.6627867;7.3;-1;511;160.1;-128;49;M;683627;9210872;['P1']
2023-09-02T15:13:35;-7.137448333;112.663205;7.4;-1;511;163.4;-128;49;M;683673;9210725;['P1']
2023-09-02T15:13:45;-7.137778333;112.6633;7.3;-1;511;164.3;-128;49;M;683683;9210688;['P1']
2023-09-02T15:13:56;-7.138128333;112.66339;7.3;-1;511;164.4;-128;49;M;683693;9210650;['P1']
2023-09-02T15:14:04;-7.138385;112.6634617;7.3;-1;511;164.5;-128;49;M;683701;9210621;['P1']
2023-09-02T15:14:16;-7.138781667;112.6635733;7.3;-1;511;164.7;-128;49;M;683713;9210577;['P1']
2023-09-02T15:14:25;-7.139081667;112.6636583;7.3;-1;511;164.6;-128;49;M;683723;9210544;['P1']
2023-09-02T15:14:34;-7.13942;112.6637467;7.2;-1;511;164.6;-128;49;M;683732;9210507;['P1']
2023-09-02T15:14:46;-7.139781667;112.663845;7.2;-1;511;164.6;-128;49;M;683743;9210467;['P1']
2023-09-02T15:14:56;-7.140098333;112.6639367;7.2;-1;511;163.5;-128;49;M;683753;9210431;['P1']
2023-09-02T15:15:04;-7.140351667;112.6640133;7.2;-1;511;162.5;-128;49;M;683761;9210403;['P1']
2023-09-02T15:15:16;-7.14073;112.6641433;7.1;-1;511;161.7;-128;49;M;683775;9210362;['P1']
2023-09-02T15:15:25;-7.14102;112.664235;7.1;-1;511;161.4;-128;49;M;683785;9210329;['P1']
2023-09-02T15:15:34;-7.141335;112.6643383;7.1;-1;511;161.7;-128;49;M;683797;9210295;['P1']
2023-09-02T15:16:04;-7.142215;112.664625;7;-1;511;162.3;-128;49;M;683828;9210197;['P1']
2023-09-02T15:16:25;-7.142868333;112.6648517;6.9;-1;511;163.1;-128;49;M;683853;9210125;['P1']
2023-09-02T15:16:34;-7.143178333;112.6649383;6.9;-1;511;163.7;-128;49;M;683862;9210090;['P1']
2023-09-02T15:16:46;-7.143518333;112.6650317;6.9;-1;511;163;-128;49;M;683872;9210053;['P1']
2023-09-02T15:16:56;-7.143825;112.6651167;6.9;-1;511;163.4;-128;49;M;683882;9210019;['P1']
2023-09-02T15:17:05;-7.144101667;112.6651983;6.9;-1;511;163;-128;49;M;683891;9209988;['P1']
2023-09-02T15:17:25;-7.144693333;112.6653983;6.8;-1;511;160.5;-128;49;M;683912;9209923;['P1']
2023-09-02T15:17:34;-7.144981667;112.6654983;6.7;-1;511;159.7;-128;49;M;683923;9209891;['P1']
2023-09-02T15:17:45;-7.1453;112.665615;6.7;-1;511;158.1;-128;49;M;683936;9209856;['P1']
2023-09-02T15:17:56;-7.145608333;112.6657383;6.7;-1;511;157.6;-128;49;M;683950;9209821;['P1']
2023-09-02T15:18:05;-7.14587;112.6658617;6.7;-1;511;157.3;-128;49;M;683963;9209792;['P1']
2023-09-02T15:18:16;-7.146181667;112.6659883;6.7;-1;511;156.4;-128;49;M;683977;9209758;['P1']
2023-09-02T15:18:25;-7.146443333;112.6661083;6.8;-1;511;156.4;-128;49;M;683990;9209729;['P1']
2023-09-02T15:18:35;-7.146741667;112.6662233;6.8;-1;511;155.8;-128;49;M;684003;9209696;['P1']
2023-09-02T15:18:45;-7.14707;112.666365;6.8;-1;511;156.4;-128;49;M;684018;9209659;['P1']
2023-09-02T15:18:56;-7.147356667;112.6664883;6.8;-1;511;156.4;-128;49;M;684032;9209628;['P1']
2023-09-02T15:19:16;-7.147915;112.66672;6.6;-1;511;157.6;-128;49;M;684057;9209566;['P1']
2023-09-02T15:19:25;-7.148175;112.66683;6.6;-1;511;156.1;-128;49;M;684069;9209537;['P1']
2023-09-02T15:19:45;-7.148758333;112.6671067;6.4;-1;511;154.2;-128;49;M;684100;9209472;['P1']
2023-09-02T15:19:56;-7.149015;112.6672417;6.4;-1;511;153.6;-128;49;M;684114;9209444;['P1']
2023-09-02T15:20:05;-7.149253333;112.66736;6.3;-1;511;153.9;-128;49;M;684127;9209418;['P1']
2023-09-02T15:20:16;-7.149546667;112.6675083;6.3;-1;511;153.4;-128;49;M;684144;9209385;['P1']
2023-09-02T15:20:25;-7.149785;112.6676283;6.3;-1;511;153.3;-128;49;M;684157;9209359;['P1']
2023-09-02T15:20:35;-7.150041667;112.66776;6.3;-1;511;152.3;-128;49;M;684171;9209330;['P1']
2023-09-02T15:20:45;-7.150323333;112.6679117;6.2;-1;511;152.3;-128;49;M;684188;9209299;['P1']
2023-09-02T15:20:56;-7.150581667;112.6680383;6.2;-1;511;152.4;-128;49;M;684202;9209270;['P1']
2023-09-02T15:21:05;-7.150811667;112.6681567;6.2;-1;511;153.1;-128;49;M;684215;9209245;['P1']
2023-09-02T15:21:16;-7.151101667;112.6682917;6.2;-1;511;153;-128;49;M;684230;9209213;['P1']
2023-09-02T15:21:25;-7.151333333;112.6684217;6.2;-1;511;153.7;-128;49;M;684244;9209187;['P1']
2023-09-02T15:21:45;-7.15188;112.6686733;6.2;-1;511;153.4;-128;49;M;684271;9209127;['P1']
2023-09-02T15:21:54;-7.152078333;112.66879;6.2;-1;511;153.3;-128;49;M;684284;9209105;['P1']
2023-09-02T15:22:05;-7.152356667;112.6689317;6.2;-1;511;153.1;-128;49;M;684300;9209074;['P1']
2023-09-02T15:22:16;-7.152633333;112.6690683;6.2;-1;511;153.5;-128;49;M;684315;9209043;['P1']
2023-09-02T15:22:24;-7.152851667;112.66918;6.2;-1;511;153.5;-128;49;M;684327;9209019;['P1']
2023-09-02T15:22:35;-7.15314;112.6693183;6.2;-1;511;153.5;-128;49;M;684342;9208987;['P1']
2023-09-02T15:22:45;-7.153395;112.6694483;6.2;-1;511;153.5;-128;49;M;684356;9208959;['P1']
2023-09-02T15:22:54;-7.153623333;112.6695567;6.2;-1;511;153.8;-128;49;M;684368;9208933;['P1']
2023-09-02T15:23:05;-7.153918333;112.6696817;6.2;-1;511;154.3;-128;49;M;684382;9208901;['P1']
2023-09-02T15:23:14;-7.154158333;112.669785;6.2;-1;511;154.4;-128;49;M;684393;9208874;['P1']
2023-09-02T15:23:24;-7.154423333;112.6699017;6.2;-1;511;154.3;-128;49;M;684406;9208845;['P1']
2023-09-02T15:23:45;-7.154971667;112.6701733;6.2;-1;511;155.2;-128;49;M;684436;9208784;['P1']
2023-09-02T15:23:54;-7.155206667;112.6702767;6.3;-1;511;154.5;-128;49;M;684447;9208758;['P1']
2023-09-02T15:24:05;-7.15549;112.6704183;6.3;-1;511;153.7;-128;49;M;684463;9208727;['P1']
2023-09-02T15:24:24;-7.156005;112.6706717;6.3;-1;511;153.9;-128;49;M;684490;9208670;['P1']
2023-09-02T15:24:45;-7.156561667;112.67095;6.3;-1;511;154.1;-128;49;M;684521;9208608;['P1']
2023-09-02T15:24:54;-7.156798333;112.6710783;6.3;-1;511;154.3;-128;49;M;684535;9208582;['P1']
2023-09-02T15:25:05;-7.157091667;112.6711933;6.2;-1;511;154.8;-128;49;M;684548;9208549;['P1']
2023-09-02T15:25:24;-7.15758;112.6714317;6.1;-1;511;155.2;-128;49;M;684574;9208495;['P1']
2023-09-02T15:25:45;-7.158108333;112.6716867;5.9;-1;511;155.8;-128;49;M;684602;9208437;['P1']
2023-09-02T15:25:55;-7.158355;112.67179;5.9;-1;511;156.3;-128;49;M;684613;9208409;['P1']
2023-09-02T15:26:06;-7.158631667;112.6719117;5.9;-1;511;156.2;-128;49;M;684626;9208379;['P1']
2023-09-02T15:26:14;-7.15883;112.671995;5.8;-1;511;156.2;-128;49;M;684635;9208357;['P1']
2023-09-02T15:26:24;-7.15908;112.672105;5.9;-1;511;155.9;-128;49;M;684648;9208329;['P1']
2023-09-02T15:26:36;-7.159378333;112.6722333;5.9;-1;511;156.7;-128;49;M;684662;9208296;['P1']
2023-09-02T15:26:45;-7.159603333;112.6723317;6;-1;511;156.7;-128;49;M;684672;9208271;['P1']
2023-09-02T15:26:55;-7.159866667;112.67246;6.1;-1;511;156.9;-128;49;M;684686;9208242;['P1']
2023-09-02T15:27:06;-7.160143333;112.6725767;6.1;-1;511;156.9;-128;49;M;684699;9208211;['P1']
2023-09-02T15:27:16;-7.160413333;112.672695;6.2;-1;511;157.2;-128;49;M;684712;9208181;['P1']
2023-09-02T15:27:24;-7.160615;112.6727783;6.2;-1;511;157.2;-128;49;M;684721;9208159;['P1']
2023-09-02T15:27:34;-7.160893333;112.6729017;6.3;-1;511;156.8;-128;49;M;684735;9208128;['P1']
2023-09-02T15:27:45;-7.1612;112.67303;6.3;-1;511;157;-128;49;M;684749;9208094;['P1']
2023-09-02T15:27:55;-7.161461667;112.6731167;6.3;-1;511;157.9;-128;49;M;684758;9208065;['P1']
2023-09-02T15:28:06;-7.161761667;112.6732417;6.3;-1;511;157.9;-128;49;M;684772;9208032;['P1']
2023-09-02T15:28:16;-7.162038333;112.673345;6.4;-1;511;159;-128;49;M;684783;9208001;['P1']
2023-09-02T15:28:24;-7.162253333;112.67342;6.4;-1;511;158.6;-128;49;M;684792;9207977;['P1']
2023-09-02T15:28:34;-7.162531667;112.67353;6.5;-1;511;159;-128;49;M;684804;9207947;['P1']
2023-09-02T15:28:45;-7.162853333;112.6736467;6.5;-1;511;158.9;-128;49;M;684816;9207911;['P1']
2023-09-02T15:28:55;-7.163145;112.67376;6.5;-1;511;159.1;-128;49;M;684829;9207879;['P1']
2023-09-02T15:29:06;-7.163455;112.6738733;6.5;-1;511;160.6;-128;49;M;684841;9207844;['P1']
2023-09-02T15:29:16;-7.163735;112.6739633;6.4;-1;511;161.8;-128;49;M;684851;9207813;['P1']
2023-09-02T15:29:24;-7.163951667;112.6740317;6.4;-1;511;161.3;-128;49;M;684858;9207789;['P1']
2023-09-02T15:29:34;-7.164233333;112.6741183;6.4;-1;511;161.9;-128;49;M;684868;9207758;['P1']
2023-09-02T15:29:45;-7.16455;112.67423;6.4;-1;511;161.9;-128;49;M;684880;9207723;['P1']
2023-09-02T15:30:06;-7.16515;112.6744217;6.4;-1;511;162.1;-128;49;M;684901;9207657;['P1']
2023-09-02T15:30:16;-7.165425;112.6745083;6.3;-1;511;162.3;-128;49;M;684910;9207626;['P1']
2023-09-02T15:30:24;-7.165636667;112.67458;6.3;-1;511;161.9;-128;49;M;684918;9207603;['P1']
2023-09-02T15:30:34;-7.165921667;112.674665;6.2;-1;511;162;-128;49;M;684928;9207571;['P1']
2023-09-02T15:30:45;-7.166225;112.6747733;6.1;-1;511;162.2;-128;49;M;684939;9207538;['P1']
2023-09-02T15:30:54;-7.166473333;112.6748517;6;-1;511;162.5;-128;49;M;684948;9207510;['P1']
2023-09-02T15:31:16;-7.167046667;112.6750283;5.9;-1;511;162.6;-128;49;M;684967;9207447;['P1']
2023-09-02T15:31:24;-7.167253333;112.6750883;5.9;-1;511;161.2;-128;49;M;684974;9207424;['P1']
2023-09-02T15:31:35;-7.167551667;112.6752067;5.9;-1;511;159.8;-128;49;M;684987;9207391;['P1']
2023-09-02T15:31:44;-7.167776667;112.6752917;5.8;-1;511;159.4;-128;49;M;684996;9207366;['P1']
2023-09-02T15:31:54;-7.168028333;112.67539;5.8;-1;511;158.5;-128;49;M;685007;9207338;['P1']
2023-09-02T15:32:06;-7.168325;112.6754983;5.7;-1;511;157.9;-128;49;M;685019;9207305;['P1']
2023-09-02T15:32:15;-7.16855;112.675575;5.7;-1;511;157.8;-128;49;M;685027;9207280;['P1']
2023-09-02T15:32:24;-7.168766667;112.6756683;5.7;-1;511;157.9;-128;49;M;685037;9207256;['P1']
2023-09-02T15:32:35;-7.169035;112.67577;5.7;-1;511;158.2;-128;49;M;685048;9207227;['P1']
2023-09-02T15:32:44;-7.169263333;112.6758633;5.7;-1;511;157.6;-128;49;M;685059;9207201;['P1']
2023-09-02T15:32:54;-7.169516667;112.6759567;5.7;-1;511;157.6;-128;49;M;685069;9207173;['P1']
2023-09-02T15:33:06;-7.169801667;112.6760917;5.7;-1;511;158.1;-128;49;M;685084;9207142;['P1']
2023-09-02T15:33:15;-7.170013333;112.67618;5.7;-1;511;157.7;-128;49;M;685093;9207118;['P1']
2023-09-02T15:33:24;-7.170235;112.6762583;5.7;-1;511;156.4;-128;49;M;685102;9207094;['P1']
2023-09-02T15:33:54;-7.170941667;112.676605;5.5;-1;511;153.2;-128;49;M;685140;9207015;['P1']
2023-09-02T15:34:06;-7.171211667;112.6767567;5.3;-1;511;151.1;-128;49;M;685156;9206985;['P1']
2023-09-02T15:34:15;-7.171401667;112.6768583;5.1;-1;511;150.3;-128;49;M;685168;9206964;['P1']
2023-09-02T15:34:24;-7.171596667;112.67696;5;-1;511;149.6;-128;49;M;685179;9206943;['P1']
2023-09-02T15:34:35;-7.171805;112.6770867;4.9;-1;511;147.6;-128;49;M;685193;9206920;['P1']
2023-09-02T15:34:44;-7.171981667;112.6772067;4.9;-1;511;146.9;-128;49;M;685206;9206900;['P1']
2023-09-02T15:34:54;-7.172166667;112.6773267;4.7;-1;511;145.7;-128;49;M;685219;9206880;['P1']
2023-09-02T15:35:06;-7.172363333;112.6774817;4.6;-1;511;143.7;-128;49;M;685236;9206858;['P1']
2023-09-02T15:35:15;-7.172516667;112.6775883;4.5;-1;511;143.1;-128;49;M;685248;9206841;['P1']
2023-09-02T15:35:24;-7.172658333;112.6776883;4.3;-1;511;142.5;-128;49;M;685259;9206825;['P1']
2023-09-02T15:35:35;-7.172816667;112.677815;4.1;-1;511;142;-128;49;M;685273;9206807;['P1']
2023-09-02T15:35:44;-7.172933333;112.6779133;3.9;-1;511;141.3;-128;49;M;685284;9206795;['P1']
2023-09-02T15:35:54;-7.173063333;112.6780183;3.7;-1;511;141.9;-128;49;M;685295;9206780;['P1']
2023-09-02T15:36:06;-7.17321;112.6781233;3.5;-1;511;142.2;-128;49;M;685307;9206764;['P1']
2023-09-02T15:36:15;-7.173315;112.67821;3.3;-1;511;140.7;-128;49;M;685316;9206752;['P1']
2023-09-02T15:36:24;-7.173413333;112.6782883;3.1;-1;511;140.9;-128;49;M;685325;9206741;['P1']
2023-09-02T15:36:35;-7.173528333;112.678375;2.9;-1;511;141;-128;49;M;685334;9206729;['P1']
2023-09-02T15:36:44;-7.17363;112.67845;2.8;-1;511;140.7;-128;49;M;685343;9206717;['P1']
2023-09-02T15:36:54;-7.173705;112.6785233;2.6;-1;511;139;-128;49;M;685351;9206709;['P1']
2023-09-02T15:37:15;-7.17387;112.6786633;2.3;-1;511;140.1;-128;49;M;685366;9206691;['P1']
2023-09-02T15:37:24;-7.173941667;112.6787183;2.1;-1;511;139.5;-128;49;M;685372;9206683;['P1']
2023-09-02T15:37:35;-7.174013333;112.6787917;2;-1;511;137.5;-128;49;M;685380;9206675;['P1']
2023-09-02T15:37:44;-7.174083333;112.6788383;2;-1;511;140.6;-128;49;M;685385;9206667;['P1']
2023-09-02T15:37:54;-7.174138333;112.678905;2;-1;511;138.7;-128;49;M;685393;9206661;['P1']
2023-09-02T15:38:05;-7.174223333;112.6789867;2.1;-1;511;138.1;-128;49;M;685402;9206651;['P1']
2023-09-02T15:38:15;-7.174296667;112.6790383;2.2;-1;511;138.4;-128;49;M;685407;9206643;['P1']
2023-09-02T15:38:24;-7.174361667;112.6791033;2.4;-1;511;135.8;-128;49;M;685414;9206636;['P1']
2023-09-02T15:38:35;-7.174478333;112.67918;2.6;-1;511;136.2;-128;49;M;685423;9206623;['P1']
2023-09-02T15:38:46;-7.174576667;112.679295;2.8;-1;511;136.7;-128;49;M;685435;9206612;['P1']
2023-09-02T15:38:54;-7.17465;112.6793717;2.9;-1;511;139.9;-128;49;M;685444;9206604;['P1']
2023-09-02T15:39:05;-7.174793333;112.6794883;2.9;-1;511;141.9;-128;49;M;685457;9206588;['P1']
2023-09-02T15:39:35;-7.175118333;112.6797217;3;-1;511;143.1;-128;49;M;685482;9206552;['P1']
2023-09-02T15:39:46;-7.175248333;112.6797983;3;-1;511;146;-128;49;M;685491;9206538;['P1']
2023-09-02T15:39:54;-7.175338333;112.679855;3.1;-1;511;147.7;-128;49;M;685497;9206528;['P1']
2023-09-02T15:40:05;-7.175475;112.67995;3.1;-1;511;147.4;-128;49;M;685507;9206513;['P1']
2023-09-02T15:40:15;-7.17559;112.6800417;3.2;-1;511;145.7;-128;49;M;685518;9206500;['P1']
2023-09-02T15:40:35;-7.175845;112.6802417;3.3;-1;511;142;-128;49;M;685540;9206472;['P1']
2023-09-02T15:40:46;-7.175986667;112.6803533;3.4;-1;511;141.8;-128;49;M;685552;9206456;['P1']
2023-09-02T15:41:05;-7.176258333;112.6805517;3.7;-1;511;141.9;-128;49;M;685574;9206426;['P1']
2023-09-02T15:41:15;-7.176381667;112.6806617;3.8;-1;511;139;-128;49;M;685586;9206412;['P1']
2023-09-02T15:41:24;-7.17651;112.68077;3.9;-1;511;136.8;-128;49;M;685598;9206398;['P1']
2023-09-02T15:41:35;-7.17666;112.6809217;4;-1;511;136.4;-128;49;M;685614;9206381;['P1']
2023-09-02T15:41:54;-7.176906667;112.6811733;4.1;-1;511;132.8;-128;49;M;685642;9206354;['P1']
2023-09-02T15:42:05;-7.177055;112.681335;4.1;-1;511;132.5;-128;49;M;685660;9206337;['P1']
2023-09-02T15:42:15;-7.17717;112.68147;4.2;-1;511;131.1;-128;49;M;685675;9206325;['P1']
2023-09-02T15:42:35;-7.177426667;112.6817733;4.3;-1;511;131;-128;49;M;685708;9206296;['P1']
2023-09-02T15:42:46;-7.177581667;112.6819467;4.3;-1;511;130.7;-128;49;M;685727;9206279;['P1']
2023-09-02T15:42:54;-7.177685;112.6820733;4.4;-1;511;130.9;-128;49;M;685741;9206267;['P1']
2023-09-02T15:43:05;-7.17785;112.68227;4.4;-1;511;130.9;-128;49;M;685763;9206249;['P1']
2023-09-02T15:43:15;-7.177976667;112.6824083;4.4;-1;511;131.1;-128;49;M;685778;9206235;['P1']
2023-09-02T15:43:36;-7.178238333;112.6827467;4.5;-1;511;130.4;-128;49;M;685815;9206206;['P1']
2023-09-02T15:43:46;-7.178378333;112.6829117;4.5;-1;511;130.2;-128;49;M;685833;9206190;['P1']
2023-09-02T15:43:54;-7.178501667;112.6830367;4.5;-1;511;131.5;-128;49;M;685847;9206177;['P1']
2023-09-02T15:44:05;-7.178688333;112.683215;4.5;-1;511;131.4;-128;49;M;685867;9206156;['P1']
2023-09-02T15:44:15;-7.178818333;112.68336;4.6;-1;511;131.2;-128;49;M;685883;9206141;['P1']
2023-09-02T15:44:25;-7.178956667;112.6835267;4.6;-1;511;131.2;-128;49;M;685901;9206126;['P1']
2023-09-02T15:44:36;-7.179118333;112.6837017;4.6;-1;511;132.6;-128;49;M;685920;9206108;['P1']
2023-09-02T15:44:46;-7.179261667;112.6838583;4.7;-1;511;134.1;-128;49;M;685938;9206092;['P1']
2023-09-02T15:44:54;-7.179378333;112.6839767;4.7;-1;511;134.6;-128;49;M;685951;9206079;['P1']
2023-09-02T15:45:05;-7.179548333;112.6841483;4.7;-1;511;135.3;-128;49;M;685970;9206060;['P1']
2023-09-02T15:45:15;-7.17971;112.6843033;4.8;-1;511;136.7;-128;49;M;685987;9206043;['P1']
2023-09-02T15:45:25;-7.179875;112.68447;4.8;-1;511;137.7;-128;49;M;686005;9206024;['P1']
2023-09-02T15:45:36;-7.180055;112.6846317;4.8;-1;511;139.8;-128;49;M;686023;9206004;['P1']
2023-09-02T15:45:44;-7.180196667;112.684745;4.8;-1;511;141.2;-128;49;M;686035;9205989;['P1']
2023-09-02T15:45:54;-7.180365;112.6848667;4.8;-1;511;141.5;-128;49;M;686049;9205970;['P1']
2023-09-02T15:46:05;-7.18056;112.68501;4.9;-1;511;142.4;-128;49;M;686064;9205948;['P1']
2023-09-02T15:46:15;-7.180745;112.68514;4.9;-1;511;143.1;-128;49;M;686079;9205928;['P1']
2023-09-02T15:46:25;-7.18092;112.685265;4.9;-1;511;143.4;-128;49;M;686092;9205908;['P1']
2023-09-02T15:46:36;-7.181125;112.6854133;4.9;-1;511;143.2;-128;49;M;686109;9205886;['P1']
2023-09-02T15:46:44;-7.181275;112.6855317;4.9;-1;511;143.2;-128;49;M;686122;9205869;['P1']
2023-09-02T15:46:54;-7.18145;112.6856683;4.8;-1;511;143.4;-128;49;M;686137;9205850;['P1']
2023-09-02T15:47:15;-7.181818333;112.68595;4.7;-1;511;144.2;-128;49;M;686168;9205809;['P1']
2023-09-02T15:47:25;-7.181996667;112.6860783;4.6;-1;511;145;-128;49;M;686182;9205789;['P1']
2023-09-02T15:47:36;-7.182185;112.6862083;4.5;-1;511;144;-128;49;M;686196;9205768;['P1']
2023-09-02T15:47:44;-7.182306667;112.6863083;4.5;-1;511;143.3;-128;49;M;686207;9205755;['P1']
2023-09-02T15:47:54;-7.182473333;112.68643;4.4;-1;511;143.2;-128;49;M;686220;9205736;['P1']
2023-09-02T15:48:04;-7.182651667;112.6865667;4.4;-1;511;143.3;-128;49;M;686235;9205716;['P1']
2023-09-02T15:48:15;-7.182806667;112.6866733;4.3;-1;511;143.2;-128;49;M;686247;9205699;['P1']
2023-09-02T15:48:25;-7.182976667;112.6868233;4.3;-1;511;143.5;-128;49;M;686264;9205680;['P1']
2023-09-02T15:48:36;-7.183145;112.68695;4.3;-1;511;141.5;-128;49;M;686278;9205662;['P1']
2023-09-02T15:48:44;-7.183263333;112.687045;4.3;-1;511;139.8;-128;49;M;686288;9205648;['P1']
2023-09-02T15:48:56;-7.18343;112.687195;4.2;-1;511;139;-128;49;M;686304;9205630;['P1']
2023-09-02T15:49:04;-7.18357;112.6873117;4.2;-1;511;139.7;-128;49;M;686317;9205614;['P1']
2023-09-02T15:49:14;-7.183705;112.6874267;4.2;-1;511;138.2;-128;49;M;686330;9205599;['P1']
2023-09-02T15:49:25;-7.183866667;112.6875733;4.3;-1;511;135.8;-128;49;M;686346;9205581;['P1']
2023-09-02T15:49:36;-7.184026667;112.687725;4.3;-1;511;134.8;-128;49;M;686363;9205564;['P1']
2023-09-02T15:49:44;-7.184143333;112.6878267;4.3;-1;511;135.3;-128;49;M;686374;9205551;['P1']
2023-09-02T15:49:56;-7.184313333;112.68799;4.3;-1;511;134.6;-128;49;M;686392;9205532;['P1']
2023-09-02T15:50:04;-7.184445;112.6881117;4.4;-1;511;134.1;-128;49;M;686405;9205517;['P1']
2023-09-02T15:50:14;-7.184565;112.68824;4.4;-1;511;135;-128;49;M;686419;9205504;['P1']
2023-09-02T15:50:25;-7.184728333;112.6884017;4.4;-1;511;135.7;-128;49;M;686437;9205486;['P1']
2023-09-02T15:50:36;-7.184893333;112.688565;4.4;-1;511;136.6;-128;49;M;686455;9205468;['P1']
2023-09-02T15:50:44;-7.185015;112.688695;4.4;-1;511;137.5;-128;49;M;686469;9205454;['P1']
2023-09-02T15:50:56;-7.185198333;112.688865;4.4;-1;511;137.8;-128;49;M;686488;9205434;['P1']
2023-09-02T15:51:04;-7.185338333;112.68899;4.5;-1;511;137.5;-128;49;M;686502;9205418;['P1']
2023-09-02T15:51:14;-7.18548;112.6891083;4.5;-1;511;138.1;-128;49;M;686515;9205402;['P1']
2023-09-02T15:51:25;-7.18567;112.6892567;4.5;-1;511;137.7;-128;49;M;686531;9205381;['P1']
2023-09-02T15:51:36;-7.185831667;112.689405;4.5;-1;511;138.3;-128;49;M;686548;9205363;['P1']
2023-09-02T15:51:44;-7.18595;112.6895067;4.5;-1;511;138.2;-128;49;M;686559;9205350;['P1']
2023-09-02T15:51:55;-7.186126667;112.68967;4.5;-1;511;138;-128;49;M;686577;9205331;['P1']
2023-09-02T15:52:04;-7.186288333;112.6897867;4.5;-1;511;138.2;-128;49;M;686590;9205313;['P1']
2023-09-02T15:52:14;-7.186431667;112.689915;4.5;-1;511;138.9;-128;49;M;686604;9205297;['P1']
2023-09-02T15:52:25;-7.186591667;112.6900767;4.5;-1;511;139;-128;49;M;686621;9205279;['P1']
2023-09-02T15:52:36;-7.186746667;112.6902283;4.5;-1;511;139.8;-128;49;M;686638;9205262;['P1']
2023-09-02T15:52:44;-7.18687;112.690335;4.5;-1;511;138.3;-128;49;M;686650;9205248;['P1']
2023-09-02T15:52:56;-7.187071667;112.6905167;4.5;-1;511;138.6;-128;49;M;686670;9205226;['P1']
2023-09-02T15:53:14;-7.187341667;112.6907617;4.3;-1;511;139;-128;49;M;686697;9205196;['P1']
2023-09-02T15:53:25;-7.187491667;112.690905;4.2;-1;511;138.9;-128;49;M;686713;9205179;['P1']
2023-09-02T15:53:36;-7.18762;112.69103;4.1;-1;511;138.2;-128;49;M;686726;9205165;['P1']
2023-09-02T15:53:44;-7.187725;112.691125;4;-1;511;139.6;-128;49;M;686737;9205153;['P1']
2023-09-02T15:53:56;-7.187913333;112.69127;3.9;-1;511;141.4;-128;49;M;686753;9205132;['P1']
2023-09-02T15:54:04;-7.188031667;112.691375;3.8;-1;511;144.2;-128;49;M;686764;9205119;['P1']
2023-09-02T15:54:15;-7.188191667;112.6914683;3.7;-1;511;150.4;-128;49;M;686775;9205102;['P1']
2023-09-02T15:54:25;-7.188335;112.69154;3.6;-1;511;156.4;-128;49;M;686782;9205086;['P1']
2023-09-02T15:54:35;-7.1885;112.6916;3.5;-1;511;161;-128;49;M;686789;9205067;['P1']
2023-09-02T15:54:44;-7.188633333;112.6916367;3.4;-1;511;165.5;-128;49;M;686793;9205053;['P1']
2023-09-02T15:54:55;-7.188791667;112.69168;3.3;-1;511;171;-128;49;M;686798;9205035;['P1']
2023-09-02T15:55:04;-7.188921667;112.6916933;3.2;-1;511;173.3;-128;49;M;686799;9205021;['P1']
2023-09-02T15:55:15;-7.189063333;112.6916983;3.1;-1;511;177.2;-128;49;M;686800;9205005;['P1']
2023-09-02T15:55:25;-7.1892;112.6916967;3;-1;511;179.3;-128;49;M;686799;9204990;['P1']
2023-09-02T15:55:44;-7.189463333;112.6917067;2.8;-1;511;178.8;-128;49;M;686800;9204961;['P1']
2023-09-02T15:55:55;-7.189603333;112.6917167;2.8;-1;511;182.1;-128;49;M;686801;9204945;['P1']
2023-09-02T15:56:04;-7.189695;112.6917083;2.6;-1;511;183.3;-128;49;M;686800;9204935;['P1']
2023-09-02T15:56:15;-7.189806667;112.6916883;2.4;-1;511;185.4;-128;49;M;686798;9204923;['P1']
2023-09-02T15:56:25;-7.189916667;112.6916767;2.3;-1;511;188;-128;49;M;686797;9204911;['P1']
2023-09-02T15:56:35;-7.190016667;112.6916533;2.1;-1;511;191.3;-128;49;M;686794;9204900;['P1']
2023-09-02T15:56:44;-7.190091667;112.6916317;2;-1;511;191.9;-128;49;M;686792;9204891;['P1']
2023-09-02T15:56:55;-7.190205;112.69161;1.9;-1;511;196.1;-128;49;M;686789;9204879;['P1']
2023-09-02T15:57:04;-7.19027;112.6915967;1.8;-1;511;197.2;-128;49;M;686788;9204872;['P1']
2023-09-02T15:57:14;-7.190355;112.691585;1.8;-1;511;193;-128;49;M;686787;9204862;['P1']
2023-09-02T15:57:25;-7.190438333;112.691545;1.7;-1;511;187.9;-128;49;M;686782;9204853;['P1']
2023-09-02T15:57:35;-7.19051;112.6915467;1.6;-1;511;181.7;-128;49;M;686782;9204845;['P1']
2023-09-02T15:57:46;-7.190578333;112.6915533;1.5;-1;511;177.3;-128;49;M;686783;9204838;['P1']
2023-09-02T15:57:55;-7.19063;112.6915617;1.4;-1;511;175.4;-128;49;M;686784;9204832;['P1']
2023-09-02T15:58:04;-7.190683333;112.69157;1.3;-1;511;171.8;-128;49;M;686785;9204826;['P1']
2023-09-02T15:58:14;-7.190738333;112.6915817;1.2;-1;511;169.4;-128;49;M;686786;9204820;['P1']
2023-09-02T15:58:25;-7.190786667;112.6915933;1.1;-1;511;167.7;-128;49;M;686787;9204815;['P1']
2023-09-02T15:58:35;-7.190825;112.6915933;0.9;-1;511;165.9;-128;49;M;686787;9204810;['P1']
2023-09-02T15:58:46;-7.190858333;112.6916;0.8;-1;511;161.8;-128;49;M;686788;9204807;['P1']
2023-09-02T15:58:55;-7.190888333;112.6916083;0.7;-1;511;165.1;-128;49;M;686789;9204803;['P1']
2023-09-02T15:59:04;-7.190911667;112.69161;0.7;-1;511;171.5;-128;49;M;686789;9204801;['P1']
2023-09-02T15:59:14;-7.190936667;112.6916033;0.6;-1;511;190;-128;49;M;686788;9204798;['P1']
2023-09-02T15:59:25;-7.190973333;112.6915867;0.7;-1;511;217.4;-128;49;M;686786;9204794;['P1']
2023-09-02T16:01:27;-7.191228333;112.6912167;1.2;-1;511;269.7;-128;49;M;686745;9204766;['P1']
2023-09-02T16:04:27;-7.190868333;112.69013;1.4;-1;511;288;-128;49;M;686626;9204806;['P1']
2023-09-02T16:07:27;-7.19047;112.68917;1.2;-1;511;303.4;-128;49;M;686520;9204851;['P1']
2023-09-02T16:10:27;-7.189728333;112.68842;1.8;-1;511;342.6;-128;49;M;686437;9204933;['P1']
2023-09-02T16:13:26;-7.188665;112.6884933;0.8;-1;511;45.4;-128;49;M;686446;9205050;['P1']
2023-09-02T16:22:27;-7.188666667;112.6888733;0;-1;511;89.4;-128;49;M;686488;9205050;['P2']
2023-09-02T16:25:27;-7.18867;112.6888767;0;-1;511;89.4;-128;49;M;686488;9205050;['P2']
2023-09-02T16:28:26;-7.188668333;112.6888817;0;-1;511;89.4;-128;49;M;686489;9205050;['P2']
2023-09-02T16:34:27;-7.188673333;112.6888867;0;-1;511;89.4;-128;49;M;686489;9205049;['P2']
2023-09-02T16:37:26;-7.188675;112.6888867;0;-1;511;89.4;-128;49;M;686489;9205049;['P2']
2023-09-02T16:40:26;-7.188678333;112.6888867;0;-1;511;89.4;-128;49;M;686489;9205049;['P2']
2023-09-02T16:46:26;-7.188683333;112.688885;0;-1;511;89.4;-128;49;M;686489;9205048;['P2']
2023-09-02T16:52:27;-7.188685;112.6888833;0;-1;511;89.4;-128;49;M;686489;9205048;['P2']
2023-09-02T16:55:26;-7.188683333;112.6888833;0;-1;511;89.4;-128;49;M;686489;9205048;['P2']
2023-09-02T16:58:26;-7.188685;112.688885;0;-1;511;89.4;-128;49;M;686489;9205048;['P2']
2023-09-02T17:01:27;-7.188685;112.688885;0;-1;511;89.4;-128;49;M;686489;9205048;['P2']
2023-09-02T17:04:27;-7.188685;112.6888867;0;-1;511;89.4;-128;49;M;686489;9205048;['P2']
2023-09-02T17:10:27;-7.188681667;112.688885;0;-1;511;89.4;-128;49;M;686489;9205048;['P2']
2023-09-02T17:13:27;-7.188681667;112.688885;0;-1;511;89.4;-128;49;M;686489;9205048;['P2']
2023-09-02T17:16:27;-7.188683333;112.6888867;0;-1;511;89.4;-128;49;M;686489;9205048;['P2']
2023-09-02T17:19:27;-7.188685;112.6888883;0;-1;511;89.4;-128;49;M;686489;9205048;['P2']
2023-09-02T17:22:27;-7.188688333;112.6888933;0;-1;511;89.4;-128;49;M;686490;9205048;['P2']
2023-09-02T17:28:27;-7.188695;112.6889017;0;-1;511;89.4;-128;49;M;686491;9205047;['P2']
2023-09-02T17:31:27;-7.188695;112.6889033;0;-1;511;89.4;-128;49;M;686491;9205047;['P2']
2023-09-02T17:34:27;-7.188693333;112.6889067;0;-1;511;89.4;-128;49;M;686491;9205047;['P2']
2023-09-02T17:37:26;-7.188693333;112.6889067;0;-1;511;89.4;-128;49;M;686491;9205047;['P2']
2023-09-02T17:40:27;-7.188693333;112.6889067;0;-1;511;89.4;-128;49;M;686491;9205047;['P2']
2023-09-02T17:46:27;-7.1887;112.6889067;0;-1;511;89.4;-128;49;M;686491;9205046;['P2']
2023-09-02T17:49:27;-7.188705;112.688905;0;-1;511;89.4;-128;49;M;686491;9205046;['P2']
2023-09-02T17:52:27;-7.188711667;112.6889067;0;-1;511;89.4;-128;49;M;686491;9205045;['P2']
2023-09-02T17:55:27;-7.188715;112.6889033;0;-1;511;89.4;-128;49;M;686491;9205045;['P2']
2023-09-02T17:58:26;-7.188716667;112.688905;0;-1;511;89.4;-128;49;M;686491;9205045;['P2']
2023-09-02T18:01:27;-7.188718333;112.688905;0;-1;511;89.4;-128;49;M;686491;9205044;['P2']
2023-09-02T18:04:26;-7.188716667;112.688905;0;-1;511;89.4;-128;49;M;686491;9205045;['P2']
2023-09-02T18:08:30;-7.188713333;112.688905;0;-1;511;89.4;-128;49;M;686491;9205045;['P2']
2023-09-02T18:08:40;-7.188713333;112.6889033;0;-1;511;89.4;-128;49;M;686491;9205045;['P2']
2023-09-02T18:08:50;-7.188713333;112.6889033;0;-1;511;89.4;-128;49;M;686491;9205045;['P2']
2023-09-02T18:09:01;-7.188713333;112.688905;0;-1;511;89.4;-128;49;M;686491;9205045;['P2']
2023-09-02T18:09:10;-7.188713333;112.688905;0;-1;511;89.4;-128;49;M;686491;9205045;['P2']
2023-09-02T18:09:20;-7.188713333;112.688905;0;-1;511;89.4;-128;49;M;686491;9205045;['P2']
2023-09-02T18:09:30;-7.188713333;112.688905;0;-1;511;89.4;-128;49;M;686491;9205045;['P2']
2023-09-02T18:09:40;-7.188711667;112.6889033;0;-1;511;89.4;-128;49;M;686491;9205045;['P2']
2023-09-02T18:09:50;-7.188711667;112.6889033;0;-1;511;89.4;-128;49;M;686491;9205045;['P2']
2023-09-02T18:10:10;-7.188711667;112.6889033;0;-1;511;89.4;-128;49;M;686491;9205045;['P2']
2023-09-02T18:12:09;-7.18871;112.6889017;0;-1;511;89.4;-128;49;M;686491;9205045;['P2']
2023-09-02T18:15:08;-7.188708333;112.6889;0;-1;511;89.4;-128;49;M;686491;9205045;['P2']
2023-09-02T18:18:08;-7.188708333;112.6888967;0;-1;511;89.4;-128;49;M;686490;9205045;['P2']
2023-09-02T18:21:08;-7.188705;112.6888983;0;-1;511;89.4;-128;49;M;686490;9205046;['P2']
2023-09-02T18:24:08;-7.188701667;112.6888967;0;-1;511;89.4;-128;49;M;686490;9205046;['P2']
2023-09-02T18:30:08;-7.188695;112.6888933;0;-1;511;89.4;-128;49;M;686490;9205047;['P2']
2023-09-02T18:33:08;-7.188693333;112.68889;0;-1;511;89.4;-128;49;M;686490;9205047;['P2']
2023-09-02T18:36:09;-7.188691667;112.6888867;0;-1;511;89.4;-128;49;M;686489;9205047;['P2']
2023-09-02T18:39:08;-7.188688333;112.688885;0;-1;511;89.4;-128;49;M;686489;9205048;['P2']
2023-09-02T18:42:08;-7.188688333;112.6888833;0;-1;511;89.4;-128;49;M;686489;9205048;['P2']
2023-09-02T18:45:08;-7.188685;112.6888783;0;-1;511;89.4;-128;49;M;686488;9205048;['P2']
2023-09-02T18:48:08;-7.188681667;112.688875;0;-1;511;89.4;-128;49;M;686488;9205048;['P2']
2023-09-02T18:51:08;-7.18868;112.6888717;0;-1;511;89.4;-128;49;M;686488;9205049;['P2']
2023-09-02T18:54:08;-7.188675;112.6888683;0;-1;511;89.4;-128;49;M;686487;9205049;['P2']
2023-09-02T18:57:09;-7.188673333;112.6888667;0;-1;511;89.4;-128;49;M;686487;9205049;['P2']
2023-09-02T19:00:08;-7.188668333;112.6888633;0;-1;511;89.4;-128;49;M;686487;9205050;['P2']
2023-09-02T19:03:08;-7.188665;112.688865;0;-1;511;89.4;-128;49;M;686487;9205050;['P2']
2023-09-02T19:06:08;-7.188661667;112.6888683;0;-1;511;89.4;-128;49;M;686487;9205051;['P2']
2023-09-02T19:09:08;-7.188665;112.6888717;0;-1;511;89.4;-128;49;M;686488;9205050;['P2']
2023-09-02T19:12:08;-7.188668333;112.6888683;0;-1;511;89.4;-128;49;M;686487;9205050;['P2']
2023-09-02T19:15:09;-7.188671667;112.6888683;0;-1;511;89.4;-128;49;M;686487;9205050;['P2']
2023-09-02T19:18:09;-7.188675;112.68887;0;-1;511;89.4;-128;49;M;686487;9205049;['P2']
2023-09-02T19:21:08;-7.188671667;112.6888683;0;-1;511;89.4;-128;49;M;686487;9205050;['P2']
2023-09-02T19:27:08;-7.188673333;112.6888667;0;-1;511;89.4;-128;49;M;686487;9205049;['P2']
2023-09-02T19:36:08;-7.188683333;112.688885;0;-1;511;89.4;-128;49;M;686489;9205048;['P2']
2023-09-02T19:39:09;-7.188685;112.6888933;0;-1;511;89.4;-128;49;M;686490;9205048;['P2']
2023-09-02T19:45:08;-7.188685;112.6889;0;-1;511;89.4;-128;49;M;686491;9205048;['P2']
2023-09-02T19:48:09;-7.188685;112.6889033;0;-1;511;89.4;-128;49;M;686491;9205048;['P2']
2023-09-02T19:51:09;-7.188683333;112.6889033;0;-1;511;89.4;-128;49;M;686491;9205048;['P2']
2023-09-02T20:12:09;-7.188671667;112.6888983;0;-1;511;89.4;-128;49;M;686490;9205050;['P2']
2023-09-02T20:18:09;-7.188668333;112.6888917;0;-1;511;89.4;-128;49;M;686490;9205050;['P2']
2023-09-02T20:24:08;-7.188668333;112.688885;0;-1;511;89.4;-128;49;M;686489;9205050;['P2']
2023-09-02T20:27:08;-7.18867;112.6888817;0;-1;511;89.4;-128;49;M;686489;9205050;['P2']
2023-09-02T20:30:08;-7.188671667;112.6888817;0;-1;511;89.4;-128;49;M;686489;9205050;['P2']
2023-09-02T20:33:08;-7.188673333;112.6888783;0;-1;511;89.4;-128;49;M;686488;9205049;['P2']
2023-09-02T20:36:08;-7.188675;112.6888783;0;-1;511;89.4;-128;49;M;686488;9205049;['P2']
2023-09-02T20:39:08;-7.188673333;112.6888817;0;-1;511;89.4;-128;49;M;686489;9205049;['P2']
2023-09-02T20:42:08;-7.188668333;112.688885;0;-1;511;89.4;-128;49;M;686489;9205050;['P2']
2023-09-02T20:45:08;-7.18867;112.6888883;0;-1;511;89.4;-128;49;M;686489;9205050;['P2']
2023-09-02T20:48:08;-7.188673333;112.6888883;0;-1;511;89.4;-128;49;M;686489;9205049;['P2']
2023-09-02T20:51:09;-7.188675;112.68889;0;-1;511;89.4;-128;49;M;686490;9205049;['P2']
2023-09-02T20:54:08;-7.188675;112.6888933;0;-1;511;89.4;-128;49;M;686490;9205049;['P2']
2023-09-02T20:57:08;-7.188675;112.6888917;0;-1;511;89.4;-128;49;M;686490;9205049;['P2']
2023-09-02T21:00:08;-7.188673333;112.6888917;0;-1;511;89.4;-128;49;M;686490;9205049;['P2']
2023-09-02T21:03:08;-7.188675;112.6888933;0;-1;511;89.4;-128;49;M;686490;9205049;['P2']
2023-09-02T21:06:09;-7.188678333;112.6888967;0;-1;511;89.4;-128;49;M;686490;9205049;['P2']
2023-09-02T21:09:08;-7.18868;112.6888967;0;-1;511;89.4;-128;49;M;686490;9205049;['P2']
2023-09-02T21:12:09;-7.188683333;112.6888967;0;-1;511;89.4;-128;49;M;686490;9205048;['P2']
2023-09-02T21:15:08;-7.188686667;112.6888983;0;-1;511;89.4;-128;49;M;686490;9205048;['P2']
2023-09-02T21:18:09;-7.18869;112.6889;0;-1;511;89.4;-128;49;M;686491;9205047;['P2']
2023-09-02T21:21:09;-7.18869;112.6889017;0;-1;511;89.4;-128;49;M;686491;9205047;['P2']
2023-09-02T21:24:09;-7.18869;112.6889033;0;-1;511;89.4;-128;49;M;686491;9205047;['P2']
2023-09-02T21:27:09;-7.18869;112.6889033;0;-1;511;89.4;-128;49;M;686491;9205047;['P2']
2023-09-02T21:30:09;-7.188688333;112.6889033;0;-1;511;89.4;-128;49;M;686491;9205048;['P2']
2023-09-02T21:33:09;-7.188685;112.688905;0;-1;511;89.4;-128;49;M;686491;9205048;['P2']
2023-09-02T21:36:08;-7.18868;112.6889033;0;-1;511;89.4;-128;49;M;686491;9205049;['P2']
2023-09-02T21:42:09;-7.188681667;112.6889017;0;-1;511;89.4;-128;49;M;686491;9205048;['P2']
2023-09-02T21:45:09;-7.188681667;112.6889017;0;-1;511;89.4;-128;49;M;686491;9205048;['P2']
2023-09-02T21:48:09;-7.188681667;112.6889017;0;-1;511;89.4;-128;49;M;686491;9205048;['P2']
2023-09-02T21:51:09;-7.188681667;112.6889;0;-1;511;89.4;-128;49;M;686491;9205048;['P2']
2023-09-02T21:54:08;-7.188683333;112.6888983;0;-1;511;89.4;-128;49;M;686490;9205048;['P2']
2023-09-02T22:00:09;-7.188678333;112.6888983;0;-1;511;89.4;-128;49;M;686490;9205049;['P2']
2023-09-02T22:03:09;-7.188676667;112.6888983;0;-1;511;89.4;-128;49;M;686490;9205049;['P2']
2023-09-02T22:06:08;-7.188676667;112.6888983;0;-1;511;89.4;-128;49;M;686490;9205049;['P2']
2023-09-02T22:09:09;-7.188673333;112.6888983;0;-1;511;89.4;-128;49;M;686490;9205049;['P2']
2023-09-02T22:12:08;-7.188668333;112.6888983;0;-1;511;89.4;-128;49;M;686490;9205050;['P2']
2023-09-02T22:15:08;-7.188665;112.6889;0;-1;511;89.4;-128;49;M;686491;9205050;['P2']
2023-09-02T22:21:08;-7.188665;112.6889017;0;-1;511;89.4;-128;49;M;686491;9205050;['P2']
2023-09-02T22:27:09;-7.188663333;112.6889067;0;-1;511;89.4;-128;49;M;686491;9205050;['P2']
2023-09-02T22:33:08;-7.188666667;112.68891;0;-1;511;89.4;-128;49;M;686492;9205050;['P2']
2023-09-02T22:36:08;-7.188666667;112.6889117;0;-1;511;89.4;-128;49;M;686492;9205050;['P2']
2023-09-02T22:39:09;-7.188665;112.6889083;0;-1;511;89.4;-128;49;M;686492;9205050;['P2']
2023-09-02T22:42:09;-7.188663333;112.6889067;0;-1;511;89.4;-128;49;M;686491;9205050;['P2']
2023-09-02T22:45:08;-7.18866;112.6889083;0;-1;511;89.4;-128;49;M;686492;9205051;['P2']
2023-09-02T22:48:08;-7.188661667;112.6889067;0;-1;511;89.4;-128;49;M;686491;9205051;['P2']
2023-09-02T22:51:08;-7.188661667;112.6889067;0;-1;511;89.4;-128;49;M;686491;9205051;['P2']
2023-09-02T22:54:08;-7.188656667;112.68891;0;-1;511;89.4;-128;49;M;686492;9205051;['P2']
2023-09-02T22:57:08;-7.188656667;112.68891;0;-1;511;89.4;-128;49;M;686492;9205051;['P2']
2023-09-02T23:00:08;-7.188656667;112.68891;0;-1;511;89.4;-128;49;M;686492;9205051;['P2']
2023-09-02T23:03:08;-7.188655;112.68891;0;-1;511;89.4;-128;49;M;686492;9205051;['P2']
2023-09-02T23:06:08;-7.18865;112.6889083;0;-1;511;89.4;-128;49;M;686492;9205052;['P2']
2023-09-02T23:09:08;-7.18865;112.6889067;0;-1;511;89.4;-128;49;M;686491;9205052;['P2']
2023-09-02T23:12:08;-7.188653333;112.6889067;0;-1;511;89.4;-128;49;M;686491;9205052;['P2']
2023-09-02T23:15:08;-7.188651667;112.6889083;0;-1;511;89.4;-128;49;M;686492;9205052;['P2']
2023-09-02T23:18:08;-7.188653333;112.6889117;0;-1;511;89.4;-128;49;M;686492;9205052;['P2']
2023-09-02T23:21:08;-7.188655;112.6889117;0;-1;511;89.4;-128;49;M;686492;9205051;['P2']
2023-09-02T23:24:08;-7.188653333;112.688915;0;-1;511;89.4;-128;49;M;686492;9205052;['P2']
2023-09-02T23:27:08;-7.188651667;112.6889117;0;-1;511;89.4;-128;49;M;686492;9205052;['P2']
2023-09-02T23:30:08;-7.18865;112.68891;0;-1;511;89.4;-128;49;M;686492;9205052;['P2']
2023-09-02T23:33:08;-7.18865;112.688915;0;-1;511;89.4;-128;49;M;686492;9205052;['P2']
2023-09-02T23:36:08;-7.188648333;112.688915;0;-1;511;89.4;-128;49;M;686492;9205052;['P2']
2023-09-02T23:39:09;-7.188648333;112.688915;0;-1;511;89.4;-128;49;M;686492;9205052;['P2']
2023-09-02T23:42:09;-7.188648333;112.6889133;0;-1;511;89.4;-128;49;M;686492;9205052;['P2']
2023-09-02T23:45:08;-7.188648333;112.68891;0;-1;511;89.4;-128;49;M;686492;9205052;['P2']
2023-09-02T23:48:08;-7.188645;112.6889083;0;-1;511;89.4;-128;49;M;686492;9205052;['P2']
2023-09-02T23:51:08;-7.188645;112.6889067;0;-1;511;89.4;-128;49;M;686491;9205052;['P2']
2023-09-02T23:57:08;-7.188643333;112.6889133;0;-1;511;89.4;-128;49;M;686492;9205053;['P2']
2023-09-03T00:00:08;-7.188645;112.6889133;0;-1;511;89.4;-128;49;M;686492;9205052;['P2']
2023-09-03T00:03:08;-7.188645;112.688915;0;-1;511;89.4;-128;49;M;686492;9205052;['P2']
2023-09-03T00:06:08;-7.188643333;112.6889117;0;-1;511;89.4;-128;49;M;686492;9205053;['P2']
2023-09-03T00:09:08;-7.188645;112.68891;0;-1;511;89.4;-128;49;M;686492;9205052;['P2']
2023-09-03T00:12:09;-7.188643333;112.6889067;0;-1;511;89.4;-128;49;M;686491;9205053;['P2']
2023-09-03T00:15:09;-7.188645;112.688905;0;-1;511;89.4;-128;49;M;686491;9205052;['P2']
2023-09-03T00:21:08;-7.188645;112.6888983;0;-1;511;89.4;-128;49;M;686490;9205052;['P2']
2023-09-03T00:24:09;-7.188641667;112.6888983;0;-1;511;89.4;-128;49;M;686490;9205053;['P2']
2023-09-03T00:27:08;-7.18864;112.6888967;0;-1;511;89.4;-128;49;M;686490;9205053;['P2']
2023-09-03T00:30:09;-7.188636667;112.688895;0;-1;511;89.4;-128;49;M;686490;9205053;['P2']
2023-09-03T00:36:09;-7.188633333;112.6888867;0;-1;511;89.4;-128;49;M;686489;9205054;['P2']
2023-09-03T00:39:08;-7.188631667;112.6888883;0;-1;511;89.4;-128;49;M;686489;9205054;['P2']
2023-09-03T00:42:08;-7.188631667;112.6888867;0;-1;511;89.4;-128;49;M;686489;9205054;['P2']
2023-09-03T00:45:08;-7.188631667;112.6888833;0;-1;511;89.4;-128;49;M;686489;9205054;['P2']
2023-09-03T00:48:08;-7.188633333;112.68888;0;-1;511;89.4;-128;49;M;686488;9205054;['P2']
2023-09-03T00:51:09;-7.188636667;112.6888817;0;-1;511;89.4;-128;49;M;686489;9205053;['P2']
2023-09-03T00:54:08;-7.188636667;112.68888;0;-1;511;89.4;-128;49;M;686488;9205053;['P2']
2023-09-03T00:57:08;-7.188635;112.6888783;0;-1;511;89.4;-128;49;M;686488;9205054;['P2']
2023-09-03T01:00:08;-7.188635;112.6888767;0;-1;511;89.4;-128;49;M;686488;9205054;['P2']
2023-09-03T01:09:08;-7.188628333;112.6888717;0;-1;511;89.4;-128;49;M;686488;9205054;['P2']
2023-09-03T01:12:08;-7.188633333;112.68887;0;-1;511;89.4;-128;49;M;686487;9205054;['P2']
2023-09-03T01:15:09;-7.188633333;112.6888683;0;-1;511;89.4;-128;49;M;686487;9205054;['P2']
2023-09-03T01:18:08;-7.188633333;112.6888683;0;-1;511;89.4;-128;49;M;686487;9205054;['P2']
2023-09-03T01:21:08;-7.188631667;112.68887;0;-1;511;89.4;-128;49;M;686487;9205054;['P2']
2023-09-03T01:24:08;-7.188636667;112.6888633;0;-1;511;89.4;-128;49;M;686487;9205053;['P2']
2023-09-03T01:27:08;-7.188663333;112.68885;0;-1;511;89.4;-128;49;M;686485;9205050;['P2']
2023-09-03T01:30:08;-7.188685;112.688845;0;-1;511;89.4;-128;49;M;686485;9205048;['P2']
2023-09-03T01:36:08;-7.188681667;112.6888467;0;-1;511;89.4;-128;49;M;686485;9205048;['P2']
2023-09-03T01:39:08;-7.188675;112.68885;0;-1;511;89.4;-128;49;M;686485;9205049;['P2']
2023-09-03T01:42:08;-7.188668333;112.688855;0;-1;511;89.4;-128;49;M;686486;9205050;['P2']
2023-09-03T01:45:08;-7.188666667;112.6888533;0;-1;511;89.4;-128;49;M;686485;9205050;['P2']
2023-09-03T01:51:08;-7.18866;112.6888767;0;-1;511;89.4;-128;49;M;686488;9205051;['P2']
2023-09-03T01:57:09;-7.188655;112.688895;0;-1;511;89.4;-128;49;M;686490;9205051;['P2']
2023-09-03T02:00:08;-7.188653333;112.6889033;0;-1;511;89.4;-128;49;M;686491;9205052;['P2']
2023-09-03T02:03:08;-7.18865;112.6889083;0;-1;511;89.4;-128;49;M;686492;9205052;['P2']
2023-09-03T02:06:09;-7.188648333;112.68891;0;-1;511;89.4;-128;49;M;686492;9205052;['P2']
2023-09-03T02:09:09;-7.188645;112.6889133;0;-1;511;89.4;-128;49;M;686492;9205052;['P2']
2023-09-03T02:12:08;-7.188643333;112.68892;0;-1;511;89.4;-128;49;M;686493;9205053;['P2']
2023-09-03T02:15:08;-7.188641667;112.6889267;0;-1;511;89.4;-128;49;M;686494;9205053;['P2']
2023-09-03T02:18:08;-7.18864;112.68893;0;-1;511;89.4;-128;49;M;686494;9205053;['P2']
2023-09-03T02:24:08;-7.188628333;112.68893;0;-1;511;89.4;-128;49;M;686494;9205054;['P2']
2023-09-03T02:33:09;-7.188625;112.6889167;0;-1;511;89.4;-128;49;M;686493;9205055;['P2']
2023-09-03T02:39:08;-7.188625;112.6889067;0;-1;511;89.4;-128;49;M;686491;9205055;['P2']
2023-09-03T02:42:08;-7.188625;112.6889017;0;-1;511;89.4;-128;49;M;686491;9205055;['P2']
2023-09-03T02:45:08;-7.188623333;112.6888967;0;-1;511;89.4;-128;49;M;686490;9205055;['P2']
2023-09-03T02:54:08;-7.188623333;112.6889017;0;-1;511;89.4;-128;49;M;686491;9205055;['P2']
2023-09-03T02:57:09;-7.188621667;112.6888983;0;-1;511;89.4;-128;49;M;686490;9205055;['P2']
2023-09-03T03:00:08;-7.188623333;112.6888983;0;-1;511;89.4;-128;49;M;686490;9205055;['P2']
2023-09-03T03:03:09;-7.188623333;112.6889017;0;-1;511;89.4;-128;49;M;686491;9205055;['P2']
2023-09-03T03:06:08;-7.188623333;112.6888983;0;-1;511;89.4;-128;49;M;686490;9205055;['P2']
2023-09-03T03:12:08;-7.188625;112.6888967;0;-1;511;89.4;-128;49;M;686490;9205055;['P2']
2023-09-03T03:15:09;-7.188623333;112.6888933;0;-1;511;89.4;-128;49;M;686490;9205055;['P2']
2023-09-03T03:18:09;-7.188625;112.688895;0;-1;511;89.4;-128;49;M;686490;9205055;['P2']
2023-09-03T03:21:08;-7.188628333;112.6888933;0;-1;511;89.4;-128;49;M;686490;9205054;['P2']
2023-09-03T03:24:08;-7.188631667;112.688895;0;-1;511;89.4;-128;49;M;686490;9205054;['P2']
2023-09-03T03:27:08;-7.188633333;112.6888967;0;-1;511;89.4;-128;49;M;686490;9205054;['P2']
2023-09-03T03:30:09;-7.188633333;112.688895;0;-1;511;89.4;-128;49;M;686490;9205054;['P2']
2023-09-03T03:33:20;-7.188636667;112.688895;0;-1;511;89.4;-128;49;M;686490;9205053;['P2']
2023-09-03T03:33:30;-7.188636667;112.688895;0;-1;511;89.4;-128;49;M;686490;9205053;['P2']
2023-09-03T03:33:52;-7.188636667;112.688895;0;-1;511;89.4;-128;49;M;686490;9205053;['P2']
2023-09-03T03:34:01;-7.188636667;112.688895;0;-1;511;89.4;-128;49;M;686490;9205053;['P2']
2023-09-03T03:34:20;-7.188635;112.688895;0;-1;511;89.4;-128;49;M;686490;9205054;['P2']
2023-09-03T03:34:40;-7.188636667;112.688895;0;-1;511;89.4;-128;49;M;686490;9205053;['P2']
2023-09-03T03:43:10;-7.188633333;112.6888833;0;-1;511;89.4;-128;49;M;686489;9205054;['P2']
2023-09-03T03:49:10;-7.188631667;112.6888867;0;-1;511;89.4;-128;49;M;686489;9205054;['P2']
2023-09-03T03:52:10;-7.18863;112.68889;0;-1;511;89.4;-128;49;M;686490;9205054;['P2']
2023-09-03T03:55:10;-7.18863;112.68889;0;-1;511;89.4;-128;49;M;686490;9205054;['P2']
2023-09-03T04:01:10;-7.188626667;112.6888917;0;-1;511;89.4;-128;49;M;686490;9205055;['P2']
2023-09-03T04:04:11;-7.188628333;112.6888933;0;-1;511;89.4;-128;49;M;686490;9205054;['P2']
2023-09-03T04:07:11;-7.188633333;112.68889;0;-1;511;89.4;-128;49;M;686490;9205054;['P2']
2023-09-03T04:10:10;-7.188631667;112.6888833;0;-1;511;89.4;-128;49;M;686489;9205054;['P2']
2023-09-03T04:13:10;-7.188635;112.6888833;0;-1;511;89.4;-128;49;M;686489;9205054;['P2']
2023-09-03T04:13:28;-7.188635;112.6888833;0;-1;511;89.4;-128;49;M;686489;9205054;['P2']
2023-09-03T04:13:38;-7.188635;112.6888833;0;-1;511;89.4;-128;49;M;686489;9205054;['P2']
2023-09-03T04:13:49;-7.188636667;112.6888833;0;-1;511;89.4;-128;49;M;686489;9205053;['P2']
2023-09-03T04:13:58;-7.188635;112.6888833;0;-1;511;89.4;-128;49;M;686489;9205054;['P2']
2023-09-03T04:14:08;-7.188635;112.688885;0;-1;511;89.4;-128;49;M;686489;9205054;['P2']
2023-09-03T04:14:18;-7.188635;112.688885;0;-1;511;89.4;-128;49;M;686489;9205054;['P2']
2023-09-03T04:14:28;-7.188635;112.688885;0;-1;511;89.4;-128;49;M;686489;9205054;['P2']
2023-09-03T04:14:38;-7.188635;112.688885;0;-1;511;89.4;-128;49;M;686489;9205054;['P2']
2023-09-03T04:14:49;-7.188635;112.688885;0;-1;511;89.4;-128;49;M;686489;9205054;['P2']
2023-09-03T04:14:58;-7.188635;112.688885;0;-1;511;89.4;-128;49;M;686489;9205054;['P2']
2023-09-03T04:15:08;-7.188635;112.688885;0;-1;511;89.4;-128;49;M;686489;9205054;['P2']
2023-09-03T04:15:19;-7.188635;112.688885;0;-1;511;89.4;-128;49;M;686489;9205054;['P2']
2023-09-03T04:15:28;-7.188635;112.688885;0;-1;511;89.4;-128;49;M;686489;9205054;['P2']
2023-09-03T04:15:38;-7.188635;112.688885;0;-1;511;89.4;-128;49;M;686489;9205054;['P2']
2023-09-03T04:15:49;-7.188636667;112.688885;0;-1;511;89.4;-128;49;M;686489;9205053;['P2']
2023-09-03T04:15:58;-7.188636667;112.688885;0;-1;511;89.4;-128;49;M;686489;9205053;['P2']
2023-09-03T04:16:08;-7.188636667;112.688885;0;-1;511;89.4;-128;49;M;686489;9205053;['P2']
2023-09-03T04:16:18;-7.188636667;112.688885;0;-1;511;89.4;-128;49;M;686489;9205053;['P2']
2023-09-03T04:16:38;-7.188636667;112.688885;0;-1;511;89.4;-128;49;M;686489;9205053;['P2']
2023-09-03T04:16:49;-7.188636667;112.688885;0;-1;511;89.4;-128;49;M;686489;9205053;['P2']
2023-09-03T04:16:58;-7.188638333;112.688885;0;-1;511;89.4;-128;49;M;686489;9205053;['P2']
2023-09-03T04:17:08;-7.188638333;112.688885;0;-1;511;89.4;-128;49;M;686489;9205053;['P2']
2023-09-03T04:17:18;-7.188638333;112.688885;0;-1;511;89.4;-128;49;M;686489;9205053;['P2']
2023-09-03T04:17:28;-7.188638333;112.688885;0;-1;511;89.4;-128;49;M;686489;9205053;['P2']
2023-09-03T04:17:39;-7.188638333;112.688885;0;-1;511;89.4;-128;49;M;686489;9205053;['P2']
2023-09-03T04:17:48;-7.188638333;112.6888833;0;-1;511;89.4;-128;49;M;686489;9205053;['P2']
2023-09-03T04:17:58;-7.188638333;112.688885;0;-1;511;89.4;-128;49;M;686489;9205053;['P2']
2023-09-03T04:18:08;-7.188638333;112.688885;0;-1;511;89.4;-128;49;M;686489;9205053;['P2']
2023-09-03T04:18:19;-7.18864;112.688885;0;-1;511;89.4;-128;49;M;686489;9205053;['P2']
2023-09-03T04:18:28;-7.18864;112.688885;0;-1;511;89.4;-128;49;M;686489;9205053;['P2']
2023-09-03T04:18:39;-7.188638333;112.688885;0;-1;511;89.4;-128;49;M;686489;9205053;['P2']
2023-09-03T04:18:48;-7.188638333;112.688885;0;-1;511;89.4;-128;49;M;686489;9205053;['P2']
2023-09-03T04:18:58;-7.188638333;112.688885;0;-1;511;89.4;-128;49;M;686489;9205053;['P2']
2023-09-03T04:19:09;-7.188638333;112.688885;0;-1;511;89.4;-128;49;M;686489;9205053;['P2']
2023-09-03T04:19:19;-7.188638333;112.688885;0;-1;511;89.4;-128;49;M;686489;9205053;['P2']
2023-09-03T04:19:28;-7.188638333;112.688885;0;-1;511;89.4;-128;49;M;686489;9205053;['P2']
2023-09-03T04:19:39;-7.188638333;112.688885;0;-1;511;89.4;-128;49;M;686489;9205053;['P2']
2023-09-03T04:19:49;-7.188638333;112.688885;0;-1;511;89.4;-128;49;M;686489;9205053;['P2']
2023-09-03T04:19:58;-7.188638333;112.688885;0;-1;511;89.4;-128;49;M;686489;9205053;['P2']
2023-09-03T04:20:09;-7.188638333;112.688885;0;-1;511;89.4;-128;49;M;686489;9205053;['P2']
2023-09-03T04:20:19;-7.188636667;112.688885;0;-1;511;89.4;-128;49;M;686489;9205053;['P2']
2023-09-03T04:20:28;-7.188636667;112.688885;0;-1;511;89.4;-128;49;M;686489;9205053;['P2']
2023-09-03T04:20:39;-7.188636667;112.688885;0;-1;511;89.4;-128;49;M;686489;9205053;['P2']
2023-09-03T04:20:48;-7.188636667;112.6888833;0;-1;511;89.4;-128;49;M;686489;9205053;['P2']
2023-09-03T04:20:58;-7.188636667;112.6888833;0;-1;511;89.4;-128;49;M;686489;9205053;['P2']
2023-09-03T04:21:09;-7.188636667;112.688885;0;-1;511;89.4;-128;49;M;686489;9205053;['P2']
2023-09-03T04:21:19;-7.188636667;112.688885;0;-1;511;89.4;-128;49;M;686489;9205053;['P2']
2023-09-03T04:21:29;-7.188636667;112.688885;0;-1;511;89.4;-128;49;M;686489;9205053;['P2']
2023-09-03T04:21:39;-7.188636667;112.6888833;0;-1;511;89.4;-128;49;M;686489;9205053;['P2']
2023-09-03T04:21:48;-7.188636667;112.6888833;0;-1;511;89.4;-128;49;M;686489;9205053;['P2']
2023-09-03T04:21:59;-7.188636667;112.6888833;0;-1;511;89.4;-128;49;M;686489;9205053;['P2']
2023-09-03T04:22:09;-7.188636667;112.6888833;0;-1;511;89.4;-128;49;M;686489;9205053;['P2']
2023-09-03T04:22:19;-7.188636667;112.6888833;0;-1;511;89.4;-128;49;M;686489;9205053;['P2']
2023-09-03T04:22:29;-7.188636667;112.6888833;0;-1;511;89.4;-128;49;M;686489;9205053;['P2']
2023-09-03T04:23:00;-7.188645;112.688875;0;-1;511;89.4;-128;49;M;686488;9205052;['P2']
2023-09-03T04:23:19;-7.188671667;112.6888533;0.4;-1;511;89.4;-128;49;M;686485;9205050;['P1']
2023-09-03T04:23:29;-7.188695;112.6888233;0.6;-1;511;221.2;-128;49;M;686482;9205047;['P1']
2023-09-03T04:23:49;-7.188753333;112.6888233;0.8;-1;511;208.2;-128;49;M;686482;9205041;['P1']
2023-09-03T04:24:00;-7.188811667;112.688805;0.9;-1;511;195;-128;49;M;686480;9205034;['P1']
2023-09-03T04:24:09;-7.18886;112.6888017;1;-1;511;188.7;-128;49;M;686480;9205029;['P1']
2023-09-03T04:24:19;-7.188915;112.6887983;1.2;-1;511;187.9;-128;49;M;686479;9205023;['P1']
2023-09-03T04:24:29;-7.188975;112.688785;1.4;-1;511;192.4;-128;49;M;686478;9205016;['P1']
2023-09-03T04:24:39;-7.189058333;112.68876;1.7;-1;511;186.5;-128;49;M;686475;9205007;['P3']
2023-09-03T04:24:49;-7.189151667;112.6887817;1.8;-1;511;174.9;-128;49;M;686477;9204996;['P3']
2023-09-03T04:25:00;-7.18924;112.6887967;1.9;-1;511;166;-128;49;M;686479;9204987;['P3']
2023-09-03T04:25:09;-7.18932;112.6888433;1.9;-1;511;155.1;-128;49;M;686484;9204978;['P3']
2023-09-03T04:25:19;-7.189398333;112.68888;2;-1;511;149.4;-128;49;M;686488;9204969;['P3']
2023-09-03T04:25:29;-7.189466667;112.6889233;2.1;-1;511;149;-128;49;M;686493;9204962;['P3']
2023-09-03T04:25:39;-7.189561667;112.6889667;2.3;-1;511;144.9;-128;49;M;686498;9204951;['P3']
2023-09-03T04:26:00;-7.189778333;112.689155;2.8;-1;511;140.1;-128;49;M;686518;9204927;['P3']
2023-09-03T04:26:09;-7.18988;112.6892483;3.1;-1;511;138.3;-128;49;M;686529;9204916;['P3']
2023-09-03T04:26:19;-7.18999;112.6893767;3.5;-1;511;137.9;-128;49;M;686543;9204904;['P3']
2023-09-03T04:26:29;-7.190123333;112.689475;3.7;-1;511;137.9;-128;49;M;686554;9204889;['P3']
2023-09-03T04:26:39;-7.19027;112.6895983;3.9;-1;511;137.6;-128;49;M;686567;9204872;['P3']
2023-09-03T04:26:49;-7.190441667;112.68975;4.1;-1;511;138.3;-128;49;M;686584;9204853;['P3']
2023-09-03T04:27:00;-7.19058;112.68988;4.2;-1;511;137.7;-128;49;M;686598;9204838;['P3']
2023-09-03T04:27:09;-7.190691667;112.6900033;4.2;-1;511;136.2;-128;49;M;686612;9204826;['P1']
2023-09-03T04:27:19;-7.190841667;112.6901467;4.3;-1;511;133;-128;49;M;686627;9204809;['P1']
2023-09-03T04:27:29;-7.19096;112.690285;4.3;-1;511;128.4;-128;49;M;686643;9204796;['P1']
2023-09-03T04:27:39;-7.191088333;112.690455;4.3;-1;511;121.7;-128;49;M;686661;9204782;['P1']
2023-09-03T04:28:09;-7.191261667;112.690975;3.9;-1;511;93.2;-128;49;M;686719;9204762;['P3']
2023-09-03T04:28:19;-7.19125;112.6911533;3.7;-1;511;82.4;-128;49;M;686738;9204763;['P3']
2023-09-03T04:28:29;-7.19122;112.6912983;3.5;-1;511;73.3;-128;49;M;686755;9204767;['P3']
2023-09-03T04:28:39;-7.19117;112.6914617;3.4;-1;511;63.1;-128;49;M;686773;9204772;['P3']
2023-09-03T04:28:49;-7.191068333;112.6916033;3.3;-1;511;50.4;-128;49;M;686788;9204783;['P3']
2023-09-03T04:28:59;-7.190976667;112.6916983;3.3;-1;511;41;-128;49;M;686799;9204793;['P3']
2023-09-03T04:29:09;-7.190855;112.69179;3.2;-1;511;35.6;-128;49;M;686809;9204807;['P3']
2023-09-03T04:29:19;-7.190721667;112.69187;3.1;-1;511;29.8;-128;49;M;686818;9204822;['P3']
2023-09-03T04:29:39;-7.190468333;112.691975;3.2;-1;511;23.9;-128;49;M;686830;9204850;['P3']
2023-09-03T04:29:50;-7.190323333;112.6920533;3.3;-1;511;22.6;-128;49;M;686838;9204866;['P3']
2023-09-03T04:29:59;-7.190183333;112.692105;3.4;-1;511;19.6;-128;49;M;686844;9204881;['P3']
2023-09-03T04:30:09;-7.190006667;112.69216;3.5;-1;511;17.2;-128;49;M;686850;9204901;['P3']
2023-09-03T04:30:29;-7.189685;112.6922383;3.8;-1;511;10.4;-128;49;M;686859;9204936;['P3']
2023-09-03T04:30:38;-7.189483333;112.6922717;4;-1;511;6.5;-128;49;M;686863;9204958;['P3']
2023-09-03T04:30:50;-7.189256667;112.692285;4.2;-1;511;2.1;-128;49;M;686864;9204983;['P3']
2023-09-03T04:31:09;-7.188841667;112.692295;4.5;-1;511;354.3;-128;49;M;686866;9205029;['P3']
2023-09-03T04:31:29;-7.188421667;112.6921967;4.8;-1;511;346.7;-128;49;M;686855;9205076;['P3']
2023-09-03T04:31:38;-7.188195;112.69215;5;-1;511;341.6;-128;49;M;686850;9205101;['P3']
2023-09-03T04:31:50;-7.18792;112.6920567;5.4;-1;511;337.5;-128;49;M;686840;9205131;['P3']
2023-09-03T04:31:59;-7.187715;112.6919583;5.6;-1;511;335.1;-128;49;M;686829;9205154;['P3']
2023-09-03T04:32:09;-7.187465;112.6918467;5.8;-1;511;333.4;-128;49;M;686817;9205182;['P3']
2023-09-03T04:32:19;-7.18723;112.69171;6;-1;511;330.4;-128;49;M;686802;9205208;['P3']
2023-09-03T04:32:29;-7.186985;112.6915733;6.2;-1;511;328.5;-128;49;M;686787;9205235;['P3']
2023-09-03T04:33:38;-7.185178333;112.6903383;7.4;-1;511;322.9;-128;49;M;686651;9205435;['P3']
2023-09-03T04:33:50;-7.184855;112.690095;7.5;-1;511;322;-128;49;M;686624;9205471;['P3']
2023-09-03T04:33:59;-7.184586667;112.689895;7.7;-1;511;322.5;-128;49;M;686602;9205501;['P3']
2023-09-03T04:34:10;-7.184263333;112.6896483;7.9;-1;511;321.7;-128;49;M;686575;9205537;['P3']
2023-09-03T04:34:38;-7.18342;112.6889717;8.5;-1;511;321.4;-128;49;M;686501;9205630;['P3']
2023-09-03T04:34:50;-7.183041667;112.688675;8.7;-1;511;321.2;-128;49;M;686468;9205672;['P3']
2023-09-03T04:34:59;-7.182751667;112.6884467;8.8;-1;511;320.9;-128;49;M;686443;9205704;['P3']
2023-09-03T04:35:10;-7.18241;112.6881517;8.9;-1;511;320.8;-128;49;M;686411;9205742;['P3']
2023-09-03T04:35:19;-7.18211;112.68793;9;-1;511;321.1;-128;49;M;686386;9205776;['P3']
2023-09-03T04:35:29;-7.181786667;112.6876533;9.1;-1;511;321.2;-128;49;M;686356;9205811;['P3']
2023-09-03T04:35:38;-7.181483333;112.6874133;9.2;-1;511;321.3;-128;49;M;686329;9205845;['P3']
2023-09-03T04:35:50;-7.18107;112.687085;9.3;-1;511;321.4;-128;49;M;686293;9205891;['P3']
2023-09-03T04:35:59;-7.180768333;112.686845;9.4;-1;511;321.6;-128;49;M;686267;9205924;['P3']
2023-09-03T04:36:10;-7.180385;112.6865483;9.5;-1;511;321.9;-128;49;M;686234;9205967;['P3']
2023-09-03T04:36:19;-7.180071667;112.6863017;9.7;-1;511;321.7;-128;49;M;686207;9206002;['P3']
2023-09-03T04:36:29;-7.179723333;112.6860083;9.8;-1;511;321.5;-128;49;M;686175;9206040;['P3']
2023-09-03T04:36:38;-7.179391667;112.6857533;9.9;-1;511;321.9;-128;49;M;686147;9206077;['P3']
2023-09-03T04:36:49;-7.178991667;112.6854633;10;-1;511;323;-128;49;M;686115;9206121;['P3']
2023-09-03T04:36:59;-7.178618333;112.6851767;10.1;-1;511;323.3;-128;49;M;686083;9206163;['P3']
2023-09-03T04:37:20;-7.177806667;112.68461;10.3;-1;511;324.8;-128;49;M;686021;9206253;['P3']
2023-09-03T04:37:29;-7.177461667;112.6843733;10.3;-1;511;325.3;-128;49;M;685995;9206291;['P3']
2023-09-03T04:37:38;-7.17711;112.6841283;10.4;-1;511;325.4;-128;49;M;685968;9206330;['P3']
2023-09-03T04:37:49;-7.176663333;112.6838367;10.5;-1;511;325.9;-128;49;M;685936;9206380;['P3']
2023-09-03T04:38:00;-7.176203333;112.6835283;10.6;-1;511;326.7;-128;49;M;685902;9206431;['P3']
2023-09-03T04:38:20;-7.175376667;112.6829817;10.7;-1;511;327.1;-128;49;M;685842;9206522;['P3']
2023-09-03T04:38:29;-7.174991667;112.6827267;10.7;-1;511;328.8;-128;49;M;685814;9206565;['P3']
2023-09-03T04:38:40;-7.174521667;112.68247;10.7;-1;511;329.9;-128;49;M;685786;9206617;['P3']
2023-09-03T04:38:49;-7.174125;112.6822617;10.8;-1;511;330.6;-128;49;M;685763;9206661;['P3']
2023-09-03T04:39:00;-7.173635;112.68198;10.8;-1;511;331.6;-128;49;M;685732;9206715;['P3']
2023-09-03T04:39:10;-7.173205;112.6817517;10.9;-1;511;332;-128;49;M;685707;9206763;['P3']
2023-09-03T04:39:20;-7.172756667;112.6815217;11;-1;511;331.6;-128;49;M;685682;9206813;['P3']
2023-09-03T04:39:29;-7.17234;112.6813;11;-1;511;332.2;-128;49;M;685658;9206859;['P3']
2023-09-03T04:39:40;-7.17184;112.6810333;11.1;-1;511;333.1;-128;49;M;685629;9206914;['P3']
2023-09-03T04:40:00;-7.170921667;112.6805483;11.2;-1;511;332.1;-128;49;M;685575;9207016;['P3']
2023-09-03T04:40:10;-7.170453333;112.68033;11.2;-1;511;331.8;-128;49;M;685551;9207068;['P3']
2023-09-03T04:40:29;-7.169575;112.6798633;11.2;-1;511;331.7;-128;49;M;685500;9207165;['P3']
2023-09-03T04:40:40;-7.169071667;112.6795883;11.2;-1;511;331.9;-128;49;M;685470;9207221;['P3']
2023-09-03T04:40:50;-7.16861;112.6793517;11.2;-1;511;331.9;-128;49;M;685444;9207272;['P3']
2023-09-03T04:41:00;-7.168151667;112.6791083;11.3;-1;511;331.9;-128;49;M;685417;9207323;['P3']
2023-09-03T04:41:10;-7.16769;112.678855;11.3;-1;511;331.8;-128;49;M;685390;9207374;['P3']
2023-09-03T04:41:20;-7.167233333;112.6786117;11.4;-1;511;330.9;-128;49;M;685363;9207425;['P3']
2023-09-03T04:41:30;-7.166761667;112.6783467;11.3;-1;511;331.6;-128;49;M;685334;9207477;['P3']
2023-09-03T04:41:40;-7.166296667;112.6781067;11.4;-1;511;330.8;-128;49;M;685308;9207528;['P3']
2023-09-03T04:42:00;-7.16537;112.67757;11.4;-1;511;329.7;-128;49;M;685249;9207631;['P3']
2023-09-03T04:42:10;-7.16491;112.6773017;11.4;-1;511;329.7;-128;49;M;685219;9207682;['P3']
2023-09-03T04:42:19;-7.164508333;112.67707;11.4;-1;511;329.8;-128;49;M;685194;9207727;['P3']
2023-09-03T04:42:40;-7.163538333;112.6765017;11.4;-1;511;329.9;-128;49;M;685131;9207834;['P3']
2023-09-03T04:42:50;-7.163075;112.6762417;11.4;-1;511;329.8;-128;49;M;685103;9207885;['P3']
2023-09-03T04:43:00;-7.16262;112.6759783;11.5;-1;511;329.1;-128;49;M;685074;9207936;['P3']
2023-09-03T04:43:10;-7.162161667;112.6756833;11.4;-1;511;329.1;-128;49;M;685042;9207987;['P3']
2023-09-03T04:43:19;-7.161753333;112.6754383;11.4;-1;511;329.5;-128;49;M;685015;9208032;['P3']
2023-09-03T04:43:30;-7.161248333;112.67516;11.4;-1;511;329.6;-128;49;M;684984;9208088;['P3']
2023-09-03T04:43:40;-7.160795;112.6749083;11.4;-1;511;329.5;-128;49;M;684956;9208138;['P3']
2023-09-03T04:43:50;-7.160328333;112.6746217;11.5;-1;511;329.8;-128;49;M;684925;9208190;['P3']
2023-09-03T04:44:00;-7.159871667;112.6743567;11.5;-1;511;329.7;-128;49;M;684896;9208241;['P3']
2023-09-03T04:44:19;-7.158998333;112.6738383;11.5;-1;511;329.7;-128;49;M;684839;9208337;['P3']
2023-09-03T04:44:30;-7.158485;112.6735333;11.4;-1;511;330.1;-128;49;M;684806;9208394;['P3']
2023-09-03T04:44:40;-7.158018333;112.67328;11.4;-1;511;330.4;-128;49;M;684778;9208446;['P3']
2023-09-03T04:44:50;-7.157556667;112.67303;11.4;-1;511;331.4;-128;49;M;684750;9208497;['P3']
2023-09-03T04:45:00;-7.15709;112.6727567;11.4;-1;511;331.8;-128;49;M;684720;9208549;['P3']
2023-09-03T04:45:10;-7.156626667;112.67253;11.4;-1;511;332.1;-128;49;M;684695;9208600;['P3']
2023-09-03T04:45:19;-7.156178333;112.672315;11.4;-1;511;332.9;-128;49;M;684672;9208650;['P3']
2023-09-03T04:45:30;-7.155665;112.6720417;11.4;-1;511;333;-128;49;M;684642;9208707;['P3']
2023-09-03T04:45:40;-7.155185;112.6717833;11.4;-1;511;333.2;-128;49;M;684614;9208760;['P3']
2023-09-03T04:46:00;-7.154231667;112.6713267;11.4;-1;511;333.9;-128;49;M;684564;9208865;['P3']
2023-09-03T04:46:10;-7.153755;112.6710933;11.4;-1;511;334.2;-128;49;M;684538;9208918;['P3']
2023-09-03T04:46:19;-7.153316667;112.6708983;11.4;-1;511;334.9;-128;49;M;684517;9208967;['P3']
2023-09-03T04:46:30;-7.1528;112.670625;11.5;-1;511;334.2;-128;49;M;684487;9209024;['P3']
2023-09-03T04:46:40;-7.152318333;112.67041;11.5;-1;511;334.4;-128;49;M;684463;9209077;['P3']
2023-09-03T04:46:50;-7.151835;112.6701833;11.4;-1;511;334.6;-128;49;M;684438;9209131;['P3']
2023-09-03T04:47:00;-7.15135;112.669955;11.4;-1;511;335;-128;49;M;684413;9209185;['P3']
2023-09-03T04:47:10;-7.150876667;112.6697183;11.4;-1;511;335.5;-128;49;M;684387;9209237;['P3']
2023-09-03T04:47:19;-7.150435;112.669525;11.5;-1;511;335.1;-128;49;M;684366;9209286;['P3']
2023-09-03T04:47:30;-7.14989;112.6692617;11.4;-1;511;335.7;-128;49;M;684337;9209346;['P3']
2023-09-03T04:47:40;-7.149411667;112.6690583;11.4;-1;511;336.2;-128;49;M;684315;9209399;['P3']
2023-09-03T04:47:50;-7.14893;112.66884;11.4;-1;511;336.4;-128;49;M;684291;9209453;['P3']
2023-09-03T04:48:10;-7.147958333;112.668415;11.4;-1;511;336.6;-128;49;M;684244;9209560;['P3']
2023-09-03T04:48:19;-7.14751;112.6682333;11.4;-1;511;336.3;-128;49;M;684225;9209610;['P3']
2023-09-03T04:48:29;-7.147011667;112.6680367;11.4;-1;511;336.4;-128;49;M;684203;9209665;['P3']
2023-09-03T04:48:40;-7.146481667;112.6677983;11.4;-1;511;336.4;-128;49;M;684177;9209724;['P3']
2023-09-03T04:49:00;-7.14552;112.6673717;11.4;-1;511;337;-128;49;M;684130;9209831;['P3']
2023-09-03T04:49:09;-7.145085;112.66718;11.4;-1;511;337.2;-128;49;M;684109;9209879;['P3']
2023-09-03T04:49:19;-7.144586667;112.6669833;11.4;-1;511;337.7;-128;49;M;684088;9209934;['P3']
2023-09-03T04:49:29;-7.144091667;112.6667767;11.4;-1;511;337.8;-128;49;M;684065;9209989;['P3']
2023-09-03T04:49:40;-7.143565;112.666555;11.4;-1;511;337.2;-128;49;M;684041;9210047;['P3']
2023-09-03T04:49:50;-7.143076667;112.6663533;11.4;-1;511;337.2;-128;49;M;684019;9210101;['P3']
2023-09-03T04:50:00;-7.142576667;112.66615;11.4;-1;511;337.2;-128;49;M;683996;9210157;['P3']
2023-09-03T04:50:19;-7.141641667;112.6657683;11.4;-1;511;337.4;-128;49;M;683955;9210260;['P3']
2023-09-03T04:50:50;-7.140115;112.6651317;11.4;-1;511;338.6;-128;49;M;683885;9210429;['P3']
2023-09-03T04:51:00;-7.139613333;112.6649433;11.5;-1;511;339.2;-128;49;M;683864;9210485;['P3']
2023-09-03T04:51:09;-7.139163333;112.66479;11.4;-1;511;339.7;-128;49;M;683847;9210535;['P3']
2023-09-03T04:51:29;-7.13815;112.6644433;11.4;-1;511;342.6;-128;49;M;683810;9210647;['P3']
2023-09-03T04:51:40;-7.137588333;112.6642867;11.4;-1;511;343.4;-128;49;M;683793;9210709;['P3']
2023-09-03T04:51:50;-7.137086667;112.6641367;11.4;-1;511;343.6;-128;49;M;683776;9210764;['P3']
2023-09-03T04:52:00;-7.136576667;112.6639867;11.3;-1;511;344.5;-128;49;M;683760;9210821;['P3']
2023-09-03T04:52:09;-7.136116667;112.6638733;11.4;-1;511;345.1;-128;49;M;683747;9210872;['P3']
2023-09-03T04:52:19;-7.135598333;112.663745;11.4;-1;511;344.8;-128;49;M;683733;9210929;['P3']
2023-09-03T04:52:40;-7.13453;112.6634417;11.4;-1;511;344.8;-128;49;M;683700;9211047;['P3']
2023-09-03T04:53:00;-7.133503333;112.66317;11.3;-1;511;343.9;-128;49;M;683671;9211161;['P3']
2023-09-03T04:53:09;-7.13305;112.6630317;11.3;-1;511;344.2;-128;49;M;683656;9211211;['P3']
2023-09-03T04:53:19;-7.132541667;112.6628817;11.3;-1;511;344.4;-128;49;M;683639;9211268;['P3']
2023-09-03T04:53:40;-7.13147;112.662595;11.3;-1;511;343.8;-128;49;M;683608;9211386;['P3']
2023-09-03T04:53:50;-7.13097;112.6624517;11.2;-1;511;344.4;-128;49;M;683592;9211442;['P3']
2023-09-03T04:54:00;-7.13047;112.6623117;11.3;-1;511;344.2;-128;49;M;683577;9211497;['P3']
2023-09-03T04:54:09;-7.130026667;112.6621983;11.3;-1;511;343.6;-128;49;M;683565;9211546;['P3']
2023-09-03T04:54:19;-7.129506667;112.66205;11.2;-1;511;343.9;-128;49;M;683549;9211604;['P3']
2023-09-03T04:54:30;-7.128963333;112.6618833;11.1;-1;511;344.8;-128;49;M;683530;9211664;['P3']
2023-09-03T04:54:40;-7.128471667;112.6617433;11.1;-1;511;345.9;-128;49;M;683515;9211718;['P3']
2023-09-03T04:54:50;-7.127968333;112.6616283;11.1;-1;511;347.3;-128;49;M;683503;9211774;['P3']
2023-09-03T04:55:00;-7.127465;112.6615133;11;-1;511;348.1;-128;49;M;683490;9211830;['P3']
2023-09-03T04:55:09;-7.127021667;112.6614283;10.8;-1;511;349.1;-128;49;M;683481;9211879;['P3']
2023-09-03T04:55:19;-7.126528333;112.6613367;10.8;-1;511;349.2;-128;49;M;683471;9211933;['P3']
2023-09-03T04:55:30;-7.12598;112.6612467;10.7;-1;511;350.3;-128;49;M;683461;9211994;['P3']
2023-09-03T04:55:38;-7.125585;112.6611817;10.7;-1;511;351.5;-128;49;M;683454;9212038;['P3']
2023-09-03T04:55:50;-7.12499;112.6610883;10.7;-1;511;352.7;-128;49;M;683444;9212103;['P3']
2023-09-03T04:56:00;-7.1245;112.6610467;10.7;-1;511;354.3;-128;49;M;683440;9212158;['P3']
2023-09-03T04:56:09;-7.124063333;112.6610117;10.6;-1;511;356.5;-128;49;M;683436;9212206;['P3']
2023-09-03T04:56:18;-7.123575;112.6609817;10.6;-1;511;357.1;-128;49;M;683433;9212260;['P3']
2023-09-03T04:56:50;-7.122036667;112.6608733;10.7;-1;511;355.8;-128;49;M;683422;9212430;['P3']
2023-09-03T04:57:00;-7.12154;112.6608367;10.7;-1;511;355.4;-128;49;M;683418;9212485;['P3']
2023-09-03T04:57:09;-7.12109;112.660805;10.8;-1;511;355.4;-128;49;M;683414;9212535;['P3']
2023-09-03T04:58:09;-7.118045;112.6605383;10.9;-1;511;354;-128;49;M;683386;9212872;['P3']
2023-09-03T04:58:18;-7.117551667;112.6604917;10.8;-1;511;354.7;-128;49;M;683381;9212926;['P3']
2023-09-03T04:58:30;-7.116993333;112.660445;10.8;-1;511;354.7;-128;49;M;683376;9212988;['P3']
2023-09-03T04:58:50;-7.115998333;112.6603567;10.8;-1;511;354.6;-128;49;M;683367;9213098;['P3']
2023-09-03T04:59:09;-7.115028333;112.6602667;10.8;-1;511;354.9;-128;49;M;683357;9213206;['P3']
2023-09-03T04:59:30;-7.113958333;112.6601733;10.8;-1;511;355;-128;49;M;683348;9213324;['P3']
2023-09-03T04:59:39;-7.113506667;112.6601333;10.8;-1;511;354.9;-128;49;M;683343;9213374;['P3']
2023-09-03T05:00:09;-7.112001667;112.6600217;10.8;-1;511;354.3;-128;49;M;683332;9213540;['P3']
2023-09-03T05:00:39;-7.110506667;112.6598683;10.8;-1;511;355.2;-128;49;M;683315;9213706;['P3']
2023-09-03T05:04:10;-7.099853333;112.6594467;10.8;-1;511;359.3;-128;49;M;683273;9214884;['P3']
2023-09-03T05:04:50;-7.097823333;112.6594583;10.8;-1;511;1.2;-128;49;M;683275;9215109;['P3']
2023-09-03T05:04:59;-7.097355;112.659475;10.8;-1;511;1.5;-128;49;M;683277;9215160;['P3']
2023-09-03T05:07:19;-7.090418333;112.6597567;10.6;-1;511;3.2;-128;49;M;683311;9215927;['P3']
2023-09-03T05:09:29;-7.084035;112.6599633;10.6;-1;511;0.2;-128;49;M;683336;9216633;['P3']
2023-09-03T05:09:59;-7.08255;112.6599333;10.6;-1;511;358.8;-128;49;M;683333;9216797;['P3']
2023-09-03T05:10:19;-7.081576667;112.659935;10.5;-1;511;359.5;-128;49;M;683334;9216905;['P3']
2023-09-03T05:10:29;-7.08108;112.6599367;10.6;-1;511;359.3;-128;49;M;683334;9216960;['P3']
2023-09-03T05:11:09;-7.079088333;112.65989;10.5;-1;511;0.9;-128;49;M;683330;9217180;['P3']
2023-09-03T05:11:49;-7.077115;112.65992;10.8;-1;511;0.6;-128;49;M;683334;9217399;['P3']
2023-09-03T05:12:10;-7.076061667;112.6599633;10.8;-1;511;1.5;-128;49;M;683339;9217515;['P3']
2023-09-03T05:13:39;-7.071505;112.6601333;10.9;-1;511;3.8;-128;49;M;683360;9218019;['P3']
2023-09-03T05:13:48;-7.071048333;112.6601717;10.9;-1;511;5;-128;49;M;683364;9218069;['P3']
2023-09-03T05:14:28;-7.069045;112.66036;10.9;-1;511;7.5;-128;49;M;683386;9218291;['P3']
2023-09-03T05:14:48;-7.068031667;112.660525;10.8;-1;511;9.7;-128;49;M;683405;9218403;['P3']
2023-09-03T05:15:59;-7.06459;112.6612767;10.9;-1;511;10.6;-128;49;M;683489;9218783;['P3']
2023-09-03T05:16:08;-7.064143333;112.661335;10.9;-1;511;9.3;-128;49;M;683496;9218833;['P3']
2023-09-03T05:16:19;-7.06359;112.6614233;10.9;-1;511;8.3;-128;49;M;683506;9218894;['P3']
2023-09-03T05:16:40;-7.062531667;112.6615867;10.9;-1;511;7.6;-128;49;M;683524;9219011;['P3']
2023-09-03T05:17:40;-7.05953;112.662005;10.9;-1;511;10.2;-128;49;M;683571;9219343;['P3']
2023-09-03T05:19:20;-7.05457;112.6630167;10.9;-1;511;11.6;-128;49;M;683685;9219891;['P3']
2023-09-03T05:19:29;-7.05412;112.6631133;10.9;-1;511;11.5;-128;49;M;683696;9219940;['P3']
2023-09-03T05:26:09;-7.034686667;112.6686167;10.9;-1;511;23.1;-128;49;M;684312;9222087;['P3']
2023-09-03T05:28:09;-7.029086667;112.67103;11;-1;511;23.5;-128;49;M;684581;9222706;['P3']
2023-09-03T05:29:19;-7.025748333;112.672495;11;-1;511;23.6;-128;49;M;684744;9223074;['P3']
2023-09-03T05:30:10;-7.023415;112.6735167;11.1;-1;511;23.7;-128;49;M;684858;9223332;['P3']
2023-09-03T05:32:00;-7.018195;112.6758233;11.1;-1;511;24.3;-128;49;M;685115;9223908;['P3']
2023-09-03T05:35:00;-7.009668333;112.6795917;11;-1;511;24.2;-128;49;M;685534;9224850;['P3']
2023-09-03T05:35:20;-7.00873;112.68002;11.1;-1;511;24.7;-128;49;M;685582;9224953;['P3']
2023-09-03T05:35:39;-7.007836667;112.68042;11.1;-1;511;24;-128;49;M;685627;9225052;['P3']
2023-09-03T05:36:28;-7.005526667;112.6814533;11;-1;511;24.3;-128;49;M;685742;9225307;['P3']
2023-09-03T05:36:39;-7.00501;112.6816833;11;-1;511;24.1;-128;49;M;685767;9225364;['P3']
2023-09-03T05:37:09;-7.003616667;112.6823267;11;-1;511;26.5;-128;49;M;685839;9225518;['P3']
2023-09-03T05:37:20;-7.00312;112.6825867;10.9;-1;511;28.6;-128;49;M;685868;9225573;['P3']
2023-09-03T05:37:28;-7.002751667;112.68279;10.9;-1;511;29.4;-128;49;M;685890;9225614;['P3']
2023-09-03T05:37:50;-7.001781667;112.68335;11;-1;511;29.1;-128;49;M;685953;9225721;['P3']
2023-09-03T05:38:20;-7.000435;112.6841183;11;-1;511;29.5;-128;49;M;686038;9225869;['P3']
2023-09-03T05:39:09;-6.99838;112.6855033;10.9;-1;511;37.2;-128;49;M;686192;9226096;['P3']
2023-09-03T05:39:28;-6.997573333;112.6861167;10.9;-1;511;38.6;-128;49;M;686260;9226185;['P3']
2023-09-03T05:41:48;-6.992085;112.6905117;10.7;-1;511;38.7;-128;49;M;686748;9226790;['P3']
2023-09-03T05:42:28;-6.990523333;112.6917917;10.6;-1;511;39.6;-128;49;M;686890;9226962;['P3']
2023-09-03T05:42:39;-6.990136667;112.6921167;10.5;-1;511;40;-128;49;M;686926;9227005;['P3']
2023-09-03T05:43:20;-6.988566667;112.6933733;10.5;-1;511;36.8;-128;49;M;687065;9227178;['P3']
2023-09-03T05:43:29;-6.988211667;112.69364;10.4;-1;511;36.1;-128;49;M;687095;9227217;['P3']
2023-09-03T05:43:39;-6.987813333;112.6939267;10.4;-1;511;35.5;-128;49;M;687127;9227261;['P3']
2023-09-03T05:43:48;-6.987456667;112.6941717;10.4;-1;511;35.4;-128;49;M;687154;9227301;['P3']
2023-09-03T05:44:00;-6.986993333;112.6945217;10.3;-1;511;35.1;-128;49;M;687193;9227352;['P3']
2023-09-03T05:44:18;-6.986301667;112.695025;10.3;-1;511;35.6;-128;49;M;687249;9227428;['P3']
2023-09-03T05:44:50;-6.985033333;112.6959083;10.2;-1;511;36;-128;49;M;687347;9227568;['P3']
2023-09-03T05:45:00;-6.984655;112.6961833;10.2;-1;511;35.7;-128;49;M;687378;9227610;['P3']
2023-09-03T05:45:10;-6.984268333;112.6964683;10.2;-1;511;35.4;-128;49;M;687409;9227652;['P3']
2023-09-03T05:45:18;-6.98395;112.69669;10.2;-1;511;35.3;-128;49;M;687434;9227687;['P3']
2023-09-03T05:45:29;-6.983531667;112.69699;10.2;-1;511;35.4;-128;49;M;687467;9227734;['P3']
2023-09-03T05:45:39;-6.983143333;112.6972633;10.2;-1;511;35.5;-128;49;M;687497;9227776;['P3']
2023-09-03T05:45:50;-6.982705;112.6975667;10.2;-1;511;35.5;-128;49;M;687531;9227825;['P3']
2023-09-03T05:46:00;-6.98233;112.697845;10.2;-1;511;34.5;-128;49;M;687562;9227866;['P3']
2023-09-03T05:46:10;-6.981933333;112.6980983;10.2;-1;511;32.9;-128;49;M;687590;9227910;['P3']
2023-09-03T05:46:29;-6.981175;112.6985767;10.2;-1;511;33;-128;49;M;687643;9227994;['P3']
2023-09-03T05:48:10;-6.977155;112.701185;10.1;-1;511;33;-128;49;M;687933;9228437;['P3']
2023-09-03T05:48:29;-6.976396667;112.7017;10.1;-1;511;33.3;-128;49;M;687990;9228521;['P3']
2023-09-03T05:49:50;-6.973163333;112.703765;10.2;-1;511;32.9;-128;49;M;688220;9228878;['P3']
2023-09-03T05:49:59;-6.97281;112.7040067;10.2;-1;511;32.8;-128;49;M;688247;9228916;['P3']
2023-09-03T05:50:10;-6.972388333;112.7042817;10.1;-1;511;33.3;-128;49;M;688277;9228963;['P3']
2023-09-03T05:50:29;-6.97163;112.7047783;10.2;-1;511;32.8;-128;49;M;688333;9229047;['P3']
2023-09-03T05:50:40;-6.971188333;112.705065;10.1;-1;511;33;-128;49;M;688364;9229095;['P3']
2023-09-03T05:50:50;-6.970788333;112.70532;10.2;-1;511;32.3;-128;49;M;688393;9229140;['P3']
2023-09-03T05:50:59;-6.970433333;112.7055567;10.2;-1;511;32.1;-128;49;M;688419;9229179;['P3']
2023-09-03T05:51:20;-6.969588333;112.7060617;10.2;-1;511;31.8;-128;49;M;688475;9229272;['P3']
2023-09-03T05:51:29;-6.969218333;112.7062883;10.2;-1;511;31.8;-128;49;M;688500;9229313;['P3']
2023-09-03T05:51:50;-6.96837;112.7068133;10.2;-1;511;32;-128;49;M;688559;9229406;['P3']
2023-09-03T05:51:59;-6.96802;112.7070483;10.2;-1;511;32.6;-128;49;M;688585;9229445;['P3']
2023-09-03T05:52:10;-6.967571667;112.7073317;10.2;-1;511;32.2;-128;49;M;688616;9229494;['P3']
2023-09-03T05:52:20;-6.967168333;112.70758;10.2;-1;511;31.7;-128;49;M;688644;9229539;['P3']
2023-09-03T05:52:29;-6.96681;112.7077967;10.2;-1;511;31.7;-128;49;M;688668;9229579;['P3']
2023-09-03T05:52:40;-6.966365;112.7080683;10.2;-1;511;32.3;-128;49;M;688698;9229628;['P3']
2023-09-03T05:52:50;-6.965958333;112.70833;10.2;-1;511;31.6;-128;49;M;688727;9229673;['P3']
2023-09-03T05:52:59;-6.965586667;112.7085483;10.3;-1;511;27.9;-128;49;M;688752;9229714;['P3']
2023-09-03T05:53:10;-6.965106667;112.7087733;10.2;-1;511;24.9;-128;49;M;688777;9229767;['P3']
2023-09-03T05:53:50;-6.963381667;112.7094717;10.1;-1;511;20.9;-128;49;M;688854;9229957;['P3']
2023-09-03T05:54:29;-6.961638333;112.71011;10.2;-1;511;20.7;-128;49;M;688926;9230150;['P3']
2023-09-03T05:54:40;-6.961146667;112.71029;10.3;-1;511;20.9;-128;49;M;688946;9230204;['P3']
2023-09-03T05:54:59;-6.96029;112.7106183;10.3;-1;511;20.1;-128;49;M;688982;9230298;['P3']
2023-09-03T05:55:20;-6.959331667;112.7109683;10.3;-1;511;19.8;-128;49;M;689021;9230404;['P3']
2023-09-03T05:55:40;-6.958441667;112.71132;10.3;-1;511;20.3;-128;49;M;689061;9230503;['P3']
2023-09-03T05:56:20;-6.956608333;112.711955;10.4;-1;511;19.5;-128;49;M;689132;9230705;['P3']
2023-09-03T06:02:10;-6.940573333;112.7169617;10.3;-1;511;19.3;-128;49;M;689691;9232477;['P3']
2023-09-03T06:02:38;-6.939296667;112.717385;10.4;-1;511;19.1;-128;49;M;689739;9232618;['P3']
2023-09-03T06:04:49;-6.933253333;112.7195133;10.6;-1;511;19.1;-128;49;M;689976;9233285;['P3']
2023-09-03T06:05:00;-6.932746667;112.719685;10.6;-1;511;19.3;-128;49;M;689995;9233341;['P3']
2023-09-03T06:06:00;-6.929931667;112.7206383;10.6;-1;511;18.6;-128;49;M;690102;9233652;['P3']
2023-09-03T06:06:10;-6.929461667;112.72079;10.5;-1;511;18.8;-128;49;M;690119;9233704;['P3']
2023-09-03T06:06:19;-6.929051667;112.72093;10.6;-1;511;18.6;-128;49;M;690134;9233749;['P3']
2023-09-03T06:06:30;-6.928536667;112.7210983;10.5;-1;511;18.1;-128;49;M;690153;9233806;['P3']
2023-09-03T06:06:39;-6.928075;112.7212517;10.5;-1;511;18.7;-128;49;M;690170;9233857;['P3']
2023-09-03T06:07:10;-6.92669;112.7217367;10.5;-1;511;20;-128;49;M;690225;9234010;['P3']
2023-09-03T06:07:30;-6.92577;112.7220633;10.5;-1;511;20.2;-128;49;M;690261;9234112;['P3']
2023-09-03T06:07:39;-6.925318333;112.7222417;10.5;-1;511;19.5;-128;49;M;690281;9234162;['P3']
2023-09-03T06:10:00;-6.919153333;112.7245883;10.1;-1;511;27.1;-128;49;M;690543;9234842;['P3']
2023-09-03T06:47:40;-6.84337;112.791755;10.3;-1;511;59.2;-128;49;M;697998;9243196;['P3']
2023-09-03T06:48:28;-6.84217;112.7937167;10.3;-1;511;59.1;-128;49;M;698215;9243328;['P3']
2023-09-03T06:48:59;-6.841406667;112.794995;10.3;-1;511;58.6;-128;49;M;698356;9243412;['P3']
2023-09-03T06:49:09;-6.841145;112.7953917;10.3;-1;511;57.9;-128;49;M;698400;9243441;['P3']
2023-09-03T06:49:50;-6.840081667;112.7970233;10.3;-1;511;56.5;-128;49;M;698581;9243558;['P0']
2023-09-03T06:50:59;-6.838201667;112.7997317;10.3;-1;511;55;-128;49;M;698881;9243765;['P0']
2023-09-03T06:51:20;-6.837631667;112.8005617;10.3;-1;511;56.2;-128;49;M;698973;9243828;['P0']
2023-09-03T06:51:40;-6.837095;112.8013467;10.2;-1;511;56.5;-128;49;M;699060;9243887;['P0']
2023-09-03T06:51:49;-6.836846667;112.8017;10.2;-1;511;55.6;-128;49;M;699100;9243914;['P0']
2023-09-03T06:55:30;-6.8304;112.810025;10.3;-1;511;47.6;-128;49;M;700022;9244623;['P0']
2023-09-03T06:55:39;-6.830118333;112.8103467;10.3;-1;511;47.6;-128;49;M;700058;9244654;['P0']
2023-09-03T06:55:58;-6.829503333;112.8110283;10.3;-1;511;48.2;-128;49;M;700134;9244722;['P0']
2023-09-03T06:57:20;-6.826933333;112.8139517;10.1;-1;511;51.5;-128;49;M;700458;9245005;['P0']
2023-09-03T06:58:19;-6.825223333;112.8162317;10.3;-1;511;54.3;-128;49;M;700711;9245193;['P0']
2023-09-03T06:58:39;-6.824686667;112.81697;10.3;-1;511;54.1;-128;49;M;700793;9245252;['P0']
2023-09-03T06:58:48;-6.824436667;112.8173267;10.3;-1;511;55.2;-128;49;M;700832;9245280;['P0']
2023-09-03T06:59:39;-6.823041667;112.8193433;10.3;-1;511;56;-128;49;M;701056;9245433;['P0']
2023-09-03T06:59:48;-6.822806667;112.819705;10.3;-1;511;56.9;-128;49;M;701096;9245459;['P0']
2023-09-03T06:59:58;-6.822548333;112.82011;10.3;-1;511;58;-128;49;M;701141;9245488;['P0']
2023-09-03T07:00:10;-6.822236667;112.8205883;10.3;-1;511;57.7;-128;49;M;701194;9245522;['P0']
2023-09-03T07:01:10;-6.820763333;112.8230433;10.3;-1;511;60.5;-128;49;M;701466;9245684;['P0']
2023-09-03T07:01:48;-6.819875;112.8246217;10.2;-1;511;58.6;-128;49;M;701640;9245781;['P0']
2023-09-03T07:01:58;-6.819606667;112.82508;10.2;-1;511;58.9;-128;49;M;701691;9245811;['P0']
2023-09-03T07:02:20;-6.819093333;112.82593;10.1;-1;511;58.3;-128;49;M;701785;9245867;['P0']
